date,adj close
2014-06-12,34.91207504272461
2014-06-13,34.88410949707031
2014-06-16,34.716365814208984
2014-06-17,34.716365814208984
2014-06-18,35.24755859375
2014-06-19,35.302066802978516
2014-06-20,35.191646575927734
2014-06-23,35.11476135253906
2014-06-24,34.82119369506836
2014-06-25,34.66743087768555
2014-06-26,34.548606872558594
2014-06-27,34.49968338012695
2014-06-30,34.70937728881836
2014-07-01,35.037879943847656
2014-07-02,35.07141876220703
2014-07-03,35.23358154296875
2014-07-07,34.82119369506836
2014-07-08,34.352909088134766
2014-07-09,34.355003356933594
2014-07-10,33.95451736450195
2014-07-11,33.983177185058594
2014-07-14,34.28301239013672
2014-07-15,34.080326080322266
2014-07-16,34.618507385253906
2014-07-17,33.91187286376953
2014-07-18,34.10129165649414
2014-07-21,34.10129165649414
2014-07-22,34.12226104736328
2014-07-23,34.26205062866211
2014-07-24,34.38296127319336
2014-07-25,34.15021896362305
2014-07-28,34.02022171020508
2014-07-29,34.052364349365234
2014-07-30,33.91957092285156
2014-07-31,33.387672424316406
2014-08-01,32.996971130371094
2014-08-04,33.1297721862793
2014-08-05,32.832725524902344
2014-08-06,32.75233840942383
2014-08-07,32.367923736572266
2014-08-08,32.52169418334961
2014-08-11,32.794273376464844
2014-08-12,32.6964225769043
2014-08-13,32.801265716552734
2014-08-14,33.02493667602539
2014-08-15,32.95503616333008
2014-08-18,33.28353500366211
2014-08-19,33.339447021484375
2014-08-20,33.22063064575195
2014-08-21,33.41633224487305
2014-08-22,33.14374923706055
2014-08-25,33.51418685913086
2014-08-26,33.584083557128906
2014-08-27,33.681941986083984
2014-08-28,33.47924041748047
2014-08-29,33.500205993652344
2014-09-02,33.486228942871094
2014-09-03,33.681941986083984
2014-09-04,33.549137115478516
2014-09-05,33.6190185546875
2014-09-08,33.17869567871094
2014-09-09,33.122779846191406
2014-09-10,33.255577087402344
2014-09-11,33.14374923706055
2014-09-12,33.14374923706055
2014-09-15,33.038902282714844
2014-09-16,33.19966506958008
2014-09-17,33.101810455322266
2014-09-18,33.37439727783203
2014-09-19,33.1297721862793
2014-09-22,33.094818115234375
2014-09-23,32.699913024902344
2014-09-24,32.77330780029297
2014-09-25,32.30849838256836
2014-09-26,32.423831939697266
2014-09-29,32.20017623901367
2014-09-30,32.123294830322266
2014-10-01,31.75983428955078
2014-10-02,31.347463607788086
2014-10-03,31.295055389404297
2014-10-06,31.55365562438965
2014-10-07,30.90713882446289
2014-10-08,31.445316314697266
2014-10-09,30.48077964782715
2014-10-10,30.110342025756836
2014-10-13,30.12432861328125
2014-10-14,30.07539939880371
2014-10-15,29.802804946899414
2014-10-16,29.425390243530273
2014-10-17,30.10335350036621
2014-10-20,30.243146896362305
2014-10-21,30.767351150512695
2014-10-22,30.48148536682129
2014-10-23,30.823265075683594
2014-10-24,30.935102462768555
2014-10-27,30.76036834716797
2014-10-28,31.256610870361328
2014-10-29,30.91412353515625
2014-10-30,31.1168212890625
2014-10-31,31.40338134765625
2014-11-03,31.130788803100586
2014-11-04,31.046926498413086
2014-11-05,31.21467399597168
2014-11-06,31.102848052978516
2014-11-07,31.102848052978516
2014-11-10,31.22165870666504
2014-11-11,31.466289520263672
2014-11-12,31.137788772583008
2014-11-13,31.21467399597168
2014-11-14,31.263591766357422
2014-11-17,31.284557342529297
2014-11-18,31.724905014038086
2014-11-19,31.731884002685547
2014-11-20,31.550161361694336
2014-11-21,31.738872528076172
2014-11-24,32.060394287109375
2014-11-25,32.24211502075195
2014-11-26,32.305023193359375
2014-11-28,32.074363708496094
2014-12-01,32.094635009765625
2014-12-02,32.01146697998047
2014-12-03,31.997472763061523
2014-12-04,31.96953010559082
2014-12-05,32.102317810058594
2014-12-08,31.892650604248047
2014-12-09,31.56064796447754
2014-12-10,31.22165870666504
2014-12-11,31.1727352142334
2014-12-12,30.46680450439453
2014-12-15,29.92861557006836
2014-12-16,30.27809715270996
2014-12-17,30.503910064697266
2014-12-18,31.19335174560547
2014-12-19,31.175756454467773
2014-12-22,31.26369857788086
2014-12-23,31.144102096557617
2014-12-24,31.327016830444336
2014-12-26,31.446613311767578
2014-12-29,31.13003921508789
2014-12-30,30.9823055267334
2014-12-31,30.7712459564209
2015-01-02,30.602407455444336
2015-01-05,29.687850952148438
2015-01-06,29.392377853393555
2015-01-07,29.659709930419922
2015-01-08,30.046632766723633
2015-01-09,29.934080123901367
2015-01-12,29.898902893066406
2015-01-13,30.01146697998047
2015-01-14,29.969249725341797
2015-01-15,30.18030548095703
2015-01-16,30.475780487060547
2015-01-20,30.72200584411621
2015-01-21,30.989337921142578
2015-01-22,31.101890563964844
2015-01-23,30.947118759155273
2015-01-26,31.36922836303711
2015-01-27,31.298870086669922
2015-01-28,30.834569931030273
2015-01-29,31.312942504882812
2015-01-30,30.968229293823242
2015-02-02,31.207414627075195
2015-02-03,31.833538055419922
2015-02-04,31.41143798828125
2015-02-05,31.9742374420166
2015-02-06,31.3621826171875
2015-02-09,31.3621826171875
2015-02-10,31.671722412109375
2015-02-11,31.460678100585938
2015-02-12,32.14308547973633
2015-02-13,32.15011978149414
2015-02-17,32.297855377197266
2015-02-18,32.43854904174805
2015-02-19,32.3752326965332
2015-02-20,32.86065673828125
2015-02-23,32.68478012084961
2015-02-24,32.874717712402344
2015-02-25,32.846588134765625
2015-02-26,32.755130767822266
2015-02-27,32.8325080871582
2015-03-02,32.811405181884766
2015-03-03,32.54407501220703
2015-03-04,32.47372055053711
2015-03-05,32.57925033569336
2015-03-06,31.953126907348633
2015-03-09,32.086795806884766
2015-03-10,31.35515022277832
2015-03-11,31.298870086669922
2015-03-12,31.54510498046875
2015-03-13,31.3621826171875
2015-03-16,31.749128341674805
2015-03-17,31.657670974731445
2015-03-18,32.31755065917969
2015-03-19,31.939064025878906
2015-03-20,32.72698211669922
2015-03-23,32.98025894165039
2015-03-24,32.902862548828125
2015-03-25,32.677738189697266
2015-03-26,32.368194580078125
2015-03-27,32.424476623535156
2015-03-30,32.530006408691406
2015-03-31,32.002376556396484
2015-04-01,32.283775329589844
2015-04-02,32.589805603027344
2015-04-06,32.8712158203125
2015-04-07,32.80437469482422
2015-04-08,32.888790130615234
2015-04-09,32.874717712402344
2015-04-10,32.888790130615234
2015-04-13,32.74809646606445
2015-04-14,33.09984588623047
2015-04-15,33.20537185668945
2015-04-16,33.30385971069336
2015-04-17,32.86065673828125
2015-04-20,32.93803405761719
2015-04-21,33.18426513671875
2015-04-22,33.135013580322266
2015-04-23,33.34959030151367
2015-04-24,33.472694396972656
2015-04-27,33.683746337890625
2015-04-28,33.70485305786133
2015-04-29,33.45864486694336
2015-04-30,33.45158767700195
2015-05-01,33.5922966003418
2015-05-04,33.578216552734375
2015-05-05,33.09984588623047
2015-05-06,33.24055099487305
2015-05-07,33.226470947265625
2015-05-08,33.94404602050781
2015-05-11,33.84555435180664
2015-05-12,33.789276123046875
2015-05-13,33.937015533447266
2015-05-14,34.4716796875
2015-05-15,34.51740264892578
2015-05-18,34.23951721191406
2015-05-19,34.17620086669922
2015-05-20,34.309871673583984
2015-05-21,34.506839752197266
2015-05-22,34.06364822387695
2015-05-26,33.521949768066406
2015-05-27,33.92997360229492
2015-05-28,34.000328063964844
2015-05-29,33.55007553100586
2015-06-01,33.23561096191406
2015-06-02,33.543052673339844
2015-06-03,33.85962677001953
2015-06-04,33.40235137939453
2015-06-05,33.022457122802734
2015-06-08,32.93803405761719
2015-06-09,32.959144592285156
2015-06-10,33.69078063964844
2015-06-11,33.66264343261719
2015-06-12,33.34607696533203
2015-06-15,33.05763244628906
2015-06-16,33.113922119140625
2015-06-17,33.050601959228516
2015-06-18,33.479736328125
2015-06-19,33.374210357666016
2015-06-22,34.04254150390625
2015-06-23,34.05659866333008
2015-06-24,33.79631423950195
2015-06-25,33.72319030761719
2015-06-26,33.80205154418945
2015-06-29,32.61198425292969
2015-06-30,32.4901123046875
2015-07-01,32.69084930419922
2015-07-02,32.66933822631836
2015-07-06,31.852062225341797
2015-07-07,31.787540435791016
2015-07-08,31.407583236694336
2015-07-09,31.90225601196289
2015-07-10,33.09947204589844
2015-07-13,33.22852325439453
2015-07-14,33.45075607299805
2015-07-15,33.35039138793945
2015-07-16,33.6515007019043
2015-07-17,33.493770599365234
2015-07-20,33.644325256347656
2015-07-21,33.51169967651367
2015-07-22,33.35755920410156
2015-07-23,33.210601806640625
2015-07-24,32.834232330322266
2015-07-27,32.5689697265625
2015-07-28,33.06364822387695
2015-07-29,33.17117691040039
2015-07-30,33.02062225341797
2015-07-31,33.28587341308594
2015-08-03,33.250030517578125
2015-08-04,33.20701217651367
2015-08-05,33.430686950683594
2015-08-06,33.31455612182617
2015-08-07,33.214195251464844
2015-08-10,33.6515007019043
2015-08-11,33.22134780883789
2015-08-12,33.02062225341797
2015-08-13,32.97761154174805
2015-08-14,33.04930114746094
2015-08-17,32.884395599365234
2015-08-18,32.71235656738281
2015-08-19,32.51161575317383
2015-08-20,31.751705169677734
2015-08-21,31.013288497924805
2015-08-24,30.29637908935547
2015-08-25,30.819730758666992
2015-08-26,31.006120681762695
2015-08-27,31.199682235717773
2015-08-28,31.113666534423828
2015-08-31,31.07064437866211
2015-09-01,30.196012496948242
2015-09-02,30.697845458984375
2015-09-03,30.819730758666992
2015-09-04,30.152999877929688
2015-09-08,30.93514060974121
2015-09-09,30.819730758666992
2015-09-10,31.163837432861328
2015-09-11,31.242694854736328
2015-09-14,30.776714324951172
2015-09-15,30.97026824951172
2015-09-16,31.41475486755371
2015-09-17,31.69363021850586
2015-09-18,30.733692169189453
2015-09-21,30.755205154418945
2015-09-22,29.801715850830078
2015-09-23,29.672672271728516
2015-09-24,29.66551399230957
2015-09-25,29.81605339050293
2015-09-28,29.256874084472656
2015-09-29,29.378746032714844
2015-09-30,29.85190200805664
2015-10-01,29.894916534423828
2015-10-02,30.454097747802734
2015-10-05,30.912925720214844
2015-10-06,31.185344696044922
2015-10-07,31.32872200012207
2015-10-08,31.65850257873535
2015-10-09,31.665664672851562
2015-10-12,31.550968170166016
2015-10-13,31.206857681274414
2015-10-14,31.314395904541016
2015-10-15,31.773210525512695
2015-10-16,31.73737144470215
2015-10-19,31.586820602416992
2015-10-20,31.601150512695312
2015-10-21,31.421924591064453
2015-10-22,31.70869255065918
2015-10-23,32.059967041015625
2015-10-26,31.844905853271484
2015-10-27,31.529455184936523
2015-10-28,31.730194091796875
2015-10-29,31.69434356689453
2015-10-30,31.457767486572266
2015-11-02,31.88074493408203
2015-11-03,31.801877975463867
2015-11-04,31.651334762573242
2015-11-05,31.50794792175293
2015-11-06,31.378908157348633
2015-11-09,31.04196548461914
2015-11-10,30.8770751953125
2015-11-11,31.09931755065918
2015-11-12,30.69068145751953
2015-11-13,30.44693946838379
2015-11-16,30.841228485107422
2015-11-17,30.82689094543457
2015-11-18,31.26420021057129
2015-11-19,31.429092407226562
2015-11-20,31.1925048828125
2015-11-23,30.97026824951172
2015-11-24,30.912925720214844
2015-11-25,31.106477737426758
2015-11-27,31.24987030029297
2015-11-30,31.350221633911133
2015-12-01,31.41475486755371
2015-12-02,31.17818260192871
2015-12-03,31.07064437866211
2015-12-04,31.41475486755371
2015-12-07,31.206857681274414
2015-12-08,30.697845458984375
2015-12-09,30.633333206176758
2015-12-10,30.555898666381836
2015-12-11,30.009618759155273
2015-12-14,29.923595428466797
2015-12-15,30.196012496948242
2015-12-16,30.762372970581055
2015-12-17,30.346569061279297
2015-12-18,30.031124114990234
2015-12-21,30.09680938720703
2015-12-22,30.3782901763916
2015-12-23,30.919601440429688
2015-12-24,30.934030532836914
2015-12-28,30.85464096069336
2015-12-29,31.107255935668945
2015-12-30,30.912385940551758
2015-12-31,30.48655128479004
2016-01-04,29.98853874206543
2016-01-05,29.793670654296875
2016-01-06,29.274015426635742
2016-01-07,28.783952713012695
2016-01-08,28.480091094970703
2016-01-11,28.52340316772461
2016-01-12,28.797677993774414
2016-01-13,28.241918563842773
2016-01-14,28.5378360748291
2016-01-15,27.49852180480957
2016-01-19,27.736696243286133
2016-01-20,27.115995407104492
2016-01-21,27.404695510864258
2016-01-22,28.155305862426758
2016-01-25,27.823305130004883
2016-01-26,28.37904930114746
2016-01-27,28.11200714111328
2016-01-28,28.270793914794922
2016-01-29,28.66775131225586
2016-02-01,28.660531997680664
2016-02-02,27.881046295166016
2016-02-03,28.29966163635254
2016-02-04,28.3068790435791
2016-02-05,27.917137145996094
2016-02-08,27.152080535888672
2016-02-09,26.89946937561035
2016-02-10,27.079912185668945
2016-02-11,26.72625160217285
2016-02-12,27.19538116455078
2016-02-16,27.657312393188477
2016-02-17,28.241918563842773
2016-02-18,28.065093994140625
2016-02-19,28.06148910522461
2016-02-22,28.1914005279541
2016-02-23,27.74391746520996
2016-02-24,27.577911376953125
2016-02-25,27.967660903930664
2016-02-26,27.946001052856445
2016-02-29,27.7944393157959
2016-03-01,28.610013961791992
2016-03-02,28.610013961791992
2016-03-03,28.88426971435547
2016-03-04,29.09358024597168
2016-03-07,29.0574951171875
2016-03-08,28.797677993774414
2016-03-09,28.80488395690918
2016-03-10,28.85540008544922
2016-03-11,29.606019973754883
2016-03-14,29.562713623046875
2016-03-15,29.259572982788086
2016-03-16,29.59158706665039
2016-03-17,29.899049758911133
2016-03-18,29.865856170654297
2016-03-21,29.69984245300293
2016-03-22,29.54827308654785
2016-03-23,29.288448333740234
2016-03-24,29.04305076599121
2016-03-28,29.172969818115234
2016-03-29,29.54106330871582
2016-03-30,29.844194412231445
2016-03-31,29.64933204650879
2016-04-01,29.425580978393555
2016-04-04,29.454456329345703
2016-04-05,28.877050399780273
2016-04-06,29.288448333740234
2016-04-07,28.840970993041992
2016-04-08,29.353412628173828
2016-04-11,29.411148071289062
2016-04-12,29.678197860717773
2016-04-13,30.10401725769043
2016-04-14,30.053503036499023
2016-04-15,30.002979278564453
2016-04-18,30.270023345947266
2016-04-19,30.832983016967773
2016-04-20,30.825775146484375
2016-04-21,30.558725357055664
2016-04-22,30.529855728149414
2016-04-25,30.428810119628906
2016-04-26,30.602035522460938
2016-04-27,30.818552017211914
2016-04-28,30.59481430053711
2016-04-29,30.602035522460938
2016-05-02,30.81061553955078
2016-05-03,30.248369216918945
2016-05-04,29.88750457763672
2016-05-05,29.73593521118164
2016-05-06,29.800886154174805
2016-05-09,29.78790283203125
2016-05-10,30.075153350830078
2016-05-11,29.909160614013672
2016-05-12,29.829755783081055
2016-05-13,29.533842086791992
2016-05-16,29.86223602294922
2016-05-17,29.68035888671875
2016-05-18,29.753259658813477
2016-05-19,29.606019973754883
2016-05-20,29.829755783081055
2016-05-23,29.764808654785156
2016-05-24,30.306123733520508
2016-05-25,30.602035522460938
2016-05-26,30.73194694519043
2016-05-27,30.659767150878906
2016-05-31,30.464906692504883
2016-06-01,30.371074676513672
2016-06-02,30.479339599609375
2016-06-03,30.61646270751953
2016-06-06,30.6742000579834
2016-06-07,30.948467254638672
2016-06-08,31.0134220123291
2016-06-09,30.557281494140625
2016-06-10,29.58437156677246
2016-06-13,29.122446060180664
2016-06-14,28.573923110961914
2016-06-15,28.71827507019043
2016-06-16,28.826534271240234
2016-06-17,29.30288314819336
2016-06-20,30.067935943603516
2016-06-21,30.342199325561523
2016-06-22,30.385025024414062
2016-06-23,31.359710693359375
2016-06-24,27.90401268005371
2016-06-27,27.143463134765625
2016-06-28,27.985239028930664
2016-06-29,28.598108291625977
2016-06-30,29.15928840637207
2016-07-01,29.277433395385742
2016-07-05,28.310134887695312
2016-07-06,28.258447647094727
2016-07-07,28.132917404174805
2016-07-08,28.561925888061523
2016-07-11,28.989452362060547
2016-07-12,29.439876556396484
2016-07-13,29.439876556396484
2016-07-14,29.713075637817383
2016-07-15,29.572786331176758
2016-07-18,29.558025360107422
2016-07-19,29.321733474731445
2016-07-20,29.594942092895508
2016-07-21,29.513723373413086
2016-07-22,29.52849578857422
2016-07-25,29.572786331176758
2016-07-26,29.69093132019043
2016-07-27,29.868152618408203
2016-07-28,29.912450790405273
2016-07-29,30.141353607177734
2016-08-01,29.86076545715332
2016-08-02,29.78693389892578
2016-08-03,29.63186264038086
2016-08-04,29.757387161254883
2016-08-05,29.875532150268555
2016-08-08,29.875532150268555
2016-08-09,30.163509368896484
2016-08-10,30.303808212280273
2016-08-11,30.517934799194336
2016-08-12,30.49578285217285
2016-08-15,30.540090560913086
2016-08-16,30.547468185424805
2016-08-17,30.503164291381836
2016-08-18,30.77637481689453
2016-08-19,30.525325775146484
2016-08-22,30.525325775146484
2016-08-23,30.687776565551758
2016-08-24,30.613929748535156
2016-08-25,30.473634719848633
2016-08-26,30.348106384277344
2016-08-29,30.42933464050293
2016-08-30,30.385025024414062
2016-08-31,30.27426528930664
2016-09-01,30.521631240844727
2016-09-02,30.953590393066406
2016-09-06,31.123424530029297
2016-09-07,31.130807876586914
2016-09-08,31.145580291748047
2016-09-09,30.45148468017578
2016-09-12,30.72469139099121
2016-09-13,30.15612030029297
2016-09-14,30.111080169677734
2016-09-15,30.385025024414062
2016-09-16,29.90506935119629
2016-09-19,30.067516326904297
2016-09-20,30.12657928466797
2016-09-21,30.481016159057617
2016-09-22,30.8649845123291
2016-09-23,30.613929748535156
2016-09-26,30.325950622558594
2016-09-27,30.325950622558594
2016-09-28,30.658231735229492
2016-09-29,30.20781135559082
2016-09-30,30.547468185424805
2016-10-03,30.517934799194336
2016-10-04,30.517934799194336
2016-10-05,30.672996520996094
2016-10-06,30.4588680267334
2016-10-07,30.229955673217773
2016-10-10,30.269107818603516
2016-10-11,29.816465377807617
2016-10-12,29.7352352142334
2016-10-13,29.594942092895508
2016-10-14,29.69093132019043
2016-10-17,29.53586769104004
2016-10-18,29.912450790405273
2016-10-19,29.94937515258789
2016-10-20,29.971525192260742
2016-10-21,29.868152618408203
2016-10-24,29.801687240600586
2016-10-25,29.705703735351562
2016-10-26,29.602327346801758
2016-10-27,29.580171585083008
2016-10-28,29.572786331176758
2016-10-31,29.543251037597656
2016-11-01,29.46204376220703
2016-11-02,29.29220199584961
2016-11-03,29.247892379760742
2016-11-04,28.959918975830078
2016-11-07,29.388181686401367
2016-11-08,29.447267532348633
2016-11-09,29.58755874633789
2016-11-10,29.42510986328125
2016-11-11,29.15189552307129
2016-11-14,28.93038558959961
2016-11-15,29.12236785888672
2016-11-16,28.797473907470703
2016-11-17,28.945148468017578
2016-11-18,28.671951293945312
2016-11-21,28.923006057739258
2016-11-22,28.967304229736328
2016-11-23,28.745786666870117
2016-11-25,28.93038558959961
2016-11-28,28.68893051147461
2016-11-29,28.91561508178711
2016-11-30,28.91561508178711
2016-12-01,28.850645065307617
2016-12-02,28.959918975830078
2016-12-05,29.395572662353516
2016-12-06,29.617097854614258
2016-12-07,30.05274772644043
2016-12-08,29.8386173248291
2016-12-09,30.030601501464844
2016-12-12,29.993677139282227
2016-12-13,30.303808212280273
2016-12-14,29.868152618408203
2016-12-15,29.845993041992188
2016-12-16,29.956756591796875
2016-12-19,29.86076545715332
2016-12-20,29.971525192260742
2016-12-21,30.047500610351562
2016-12-22,29.98046112060547
2016-12-23,30.062393188476562
2016-12-27,30.166669845581055
2016-12-28,29.98046112060547
2016-12-29,30.198711395263672
2016-12-30,30.308198928833008
2017-01-03,30.449724197387695
2017-01-04,30.643388748168945
2017-01-05,30.95622444152832
2017-01-06,30.7774600982666
2017-01-09,30.650840759277344
2017-01-10,30.673187255859375
2017-01-11,30.822153091430664
2017-01-12,30.859399795532227
2017-01-13,31.003894805908203
2017-01-17,31.000917434692383
2017-01-18,30.896638870239258
2017-01-19,30.85194206237793
2017-01-20,31.000917434692383
2017-01-23,31.097745895385742
2017-01-24,31.172237396240234
2017-01-25,31.52976417541504
2017-01-26,31.32120132446289
2017-01-27,31.313753128051758
2017-01-30,31.05305290222168
2017-01-31,31.216917037963867
2017-02-01,31.31748390197754
2017-02-02,31.298858642578125
2017-02-03,31.388248443603516
2017-02-06,31.097745895385742
2017-02-07,31.097745895385742
2017-02-08,31.164779663085938
2017-02-09,31.25416374206543
2017-02-10,31.313753128051758
2017-02-13,31.395687103271484
2017-02-14,31.41803741455078
2017-02-15,31.552114486694336
2017-02-16,31.663837432861328
2017-02-17,31.537208557128906
2017-02-21,31.56700897216797
2017-02-22,31.548376083374023
2017-02-23,31.6265926361084
2017-02-24,31.358444213867188
2017-02-27,31.43292808532715
2017-02-28,31.410581588745117
2017-03-01,31.73086929321289
2017-03-02,31.619150161743164
2017-03-03,31.879852294921875
2017-03-06,31.693626403808594
2017-03-07,31.559553146362305
2017-03-08,31.42548370361328
2017-03-09,31.648950576782227
2017-03-10,31.93943214416504
2017-03-13,32.03626251220703
2017-03-14,31.805368423461914
2017-03-15,32.222469329833984
2017-03-16,32.55766677856445
2017-03-17,32.6060791015625
2017-03-20,32.49808120727539
2017-03-21,32.431034088134766
2017-03-22,32.44593811035156
2017-03-23,32.54276657104492
2017-03-24,32.676849365234375
2017-03-27,32.8332633972168
2017-03-28,32.84815216064453
2017-03-29,32.7811164855957
2017-03-30,32.676849365234375
2017-03-31,32.75132369995117
2017-04-03,32.66193771362305
2017-04-04,32.65449905395508
2017-04-05,32.512977600097656
2017-04-06,32.587467193603516
2017-04-07,32.512977600097656
2017-04-10,32.49808120727539
2017-04-11,32.691734313964844
2017-04-12,32.676849365234375
2017-04-13,32.47572708129883
2017-04-17,32.68429946899414
2017-04-18,32.55766677856445
2017-04-19,32.483184814453125
2017-04-20,32.721534729003906
2017-04-21,32.691734313964844
2017-04-24,33.83882141113281
2017-04-25,34.136756896972656
2017-04-26,34.0101318359375
2017-04-27,34.0622673034668
2017-04-28,34.03620910644531
2017-05-01,34.181461334228516
2017-05-02,34.4347038269043
2017-05-03,34.31552505493164
2017-05-04,34.799678802490234
2017-05-05,35.2242431640625
2017-05-08,34.88161849975586
2017-05-09,34.8443717956543
2017-05-10,34.985897064208984
2017-05-11,34.836917877197266
2017-05-12,35.097618103027344
2017-05-15,35.291282653808594
2017-05-16,35.596675872802734
2017-05-17,35.14231872558594
2017-05-18,35.17955780029297
2017-05-19,35.641361236572266
2017-05-22,35.74564743041992
2017-05-23,35.70095443725586
2017-05-24,35.790340423583984
2017-05-25,35.73075485229492
2017-05-26,35.589229583740234
2017-05-30,35.55944061279297
2017-05-31,35.69350814819336
2017-06-01,35.90951156616211
2017-06-02,36.13296890258789
2017-06-05,35.924415588378906
2017-06-06,35.75309753417969
2017-06-07,35.76799774169922
2017-06-08,35.65626907348633
2017-06-09,35.55198287963867
2017-06-12,35.34342956542969
2017-06-13,35.581783294677734
2017-06-14,35.55198287963867
2017-06-15,35.10507583618164
2017-06-16,35.57433319091797
2017-06-19,35.70095443725586
2017-06-20,35.300315856933594
2017-06-21,35.300315856933594
2017-06-22,35.270023345947266
2017-06-23,35.39876937866211
2017-06-26,35.48207473754883
2017-06-27,35.550235748291016
2017-06-28,35.85319137573242
2017-06-29,35.459354400634766
2017-06-30,35.49722671508789
2017-07-03,35.46693420410156
2017-07-05,35.49722671508789
2017-07-06,35.368473052978516
2017-07-07,35.444210052490234
2017-07-10,35.52751541137695
2017-07-11,35.54267120361328
2017-07-12,35.86833190917969
2017-07-13,35.99708938598633
2017-07-14,36.26215362548828
2017-07-17,36.194000244140625
2017-07-18,36.194000244140625
2017-07-19,36.30759048461914
2017-07-20,36.46664047241211
2017-07-21,36.254581451416016
2017-07-24,36.1637077331543
2017-07-25,36.21672058105469
2017-07-26,36.5196647644043
2017-07-27,36.330322265625
2017-07-28,36.42877197265625
2017-07-31,36.4969367980957
2017-08-01,36.69385528564453
2017-08-02,36.76201248168945
2017-08-03,36.769588470458984
2017-08-04,36.84532165527344
2017-08-07,36.830177307128906
2017-08-08,36.58024978637695
2017-08-09,36.59538650512695
2017-08-10,36.02737808227539
2017-08-11,35.97435760498047
2017-08-14,36.26973342895508
2017-08-15,36.1637077331543
2017-08-16,36.37575149536133
2017-08-17,35.9516487121582
2017-08-18,36.01222610473633
2017-08-21,36.05009841918945
2017-08-22,36.21672058105469
2017-08-23,36.21672058105469
2017-08-24,36.159912109375
2017-08-25,36.42877197265625
2017-08-28,36.42877197265625
2017-08-29,36.26973342895508
2017-08-30,36.201568603515625
2017-08-31,36.474212646484375
2017-09-01,36.58024978637695
2017-09-05,36.36061477661133
2017-09-06,36.61054611206055
2017-09-07,36.94377899169922
2017-09-08,36.94377899169922
2017-09-11,37.2542839050293
2017-09-12,37.398193359375
2017-09-13,37.125545501708984
2017-09-14,37.269439697265625
2017-09-15,37.30731201171875
2017-09-18,37.37546157836914
2017-09-19,37.549659729003906
2017-09-20,37.4284782409668
2017-09-21,37.42090606689453
2017-09-22,37.50421905517578
2017-09-25,37.24672317504883
2017-09-26,37.102821350097656
2017-09-27,37.155845642089844
2017-09-28,37.32244873046875
2017-09-29,37.62539291381836
2017-10-02,37.54208755493164
2017-10-03,37.65569305419922
2017-10-04,37.59510040283203
2017-10-05,37.534515380859375
2017-10-06,37.56480407714844
2017-10-09,37.54208755493164
2017-10-10,37.91319274902344
2017-10-11,38.034366607666016
2017-10-12,37.98134994506836
2017-10-13,37.98891830444336
2017-10-16,37.89047622680664
2017-10-17,37.7390022277832
2017-10-18,37.89804458618164
2017-10-19,37.79201126098633
2017-10-20,37.716278076171875
2017-10-23,37.59510040283203
2017-10-24,37.57994842529297
2017-10-25,37.549659729003906
2017-10-26,37.48907470703125
2017-10-27,37.451202392578125
2017-10-30,37.640541076660156
2017-10-31,37.70870590209961
2017-11-01,37.77687072753906
2017-11-02,37.89047622680664
2017-11-03,37.79959487915039
2017-11-06,37.89804458618164
2017-11-07,37.59510040283203
2017-11-08,37.61025619506836
2017-11-09,37.352752685546875
2017-11-10,37.29215621948242
2017-11-13,37.09524154663086
2017-11-14,37.20885467529297
2017-11-15,37.02709197998047
2017-11-16,37.30731201171875
2017-11-17,37.20885467529297
2017-11-20,37.2542839050293
2017-11-21,37.47393035888672
2017-11-22,37.617820739746094
2017-11-24,37.9434814453125
2017-11-27,37.69355773925781
2017-11-28,37.92076110839844
2017-11-29,37.79201126098633
2017-11-30,37.86775207519531
2017-12-01,37.7390022277832
2017-12-04,37.670841217041016
2017-12-05,37.55724334716797
2017-12-06,37.50421905517578
2017-12-07,37.549659729003906
2017-12-08,37.78443908691406
2017-12-11,37.82987976074219
2017-12-12,37.84503173828125
2017-12-13,37.89804458618164
2017-12-14,37.69355773925781
2017-12-15,37.617820739746094
2017-12-18,38.1328239440918
2017-12-19,38.13358688354492
2017-12-20,37.95754623413086
2017-12-21,38.141239166259766
2017-12-22,38.187164306640625
2017-12-26,38.19482421875
2017-12-27,38.30964279174805
2017-12-28,38.4014892578125
2017-12-29,38.4014892578125
2018-01-02,38.70765686035156
2018-01-03,38.83778381347656
2018-01-04,39.26642608642578
2018-01-05,39.54198455810547
2018-01-08,39.4118537902832
2018-01-09,39.49605178833008
2018-01-10,39.36593246459961
2018-01-11,39.610862731933594
2018-01-12,40.1313591003418
2018-01-16,40.13901138305664
2018-01-17,40.307395935058594
2018-01-18,40.36863708496094
2018-01-19,40.57530212402344
2018-01-22,40.804935455322266
2018-01-23,40.896785736083984
2018-01-24,41.011600494384766
2018-01-25,40.896785736083984
2018-01-26,41.24887466430664
2018-01-29,40.858516693115234
2018-01-30,40.58295822143555
2018-01-31,40.57530212402344
2018-02-01,40.66716003417969
2018-02-02,39.65679168701172
2018-02-05,38.06470489501953
2018-02-06,38.83012771606445
2018-02-07,38.347904205322266
2018-02-08,37.429405212402344
2018-02-09,37.5977897644043
2018-02-12,38.06470489501953
2018-02-13,38.00346374511719
2018-02-14,38.76889419555664
2018-02-15,39.06740951538086
2018-02-16,39.09037780761719
2018-02-20,38.72297286987305
2018-02-21,38.56222915649414
2018-02-22,38.72297286987305
2018-02-23,38.99851989746094
2018-02-26,39.25111389160156
2018-02-27,38.608154296875
2018-02-28,38.156558990478516
2018-03-01,37.7049560546875
2018-03-02,37.76618576049805
2018-03-05,38.0111198425293
2018-03-06,38.286678314208984
2018-03-07,38.36322784423828
2018-03-08,38.42445373535156
2018-03-09,38.615806579589844
2018-03-12,38.6847038269043
2018-03-13,38.4014892578125
2018-03-14,38.50099182128906
2018-03-15,38.478031158447266
2018-03-16,38.46272277832031
2018-03-19,38.30198669433594
2018-03-20,38.23309326171875
2018-03-21,38.25606155395508
2018-03-22,37.482975006103516
2018-03-23,37.238037109375
2018-03-26,37.942230224609375
2018-03-27,37.536556243896484
2018-03-28,37.743228912353516
2018-03-29,38.02642822265625
2018-04-02,37.52125930786133
2018-04-03,37.73556900024414
2018-04-04,37.86569595336914
2018-04-05,38.19482421875
2018-04-06,38.04174041748047
2018-04-09,38.36322784423828
2018-04-10,38.83778381347656
2018-04-11,38.646427154541016
2018-04-12,38.86839294433594
2018-04-13,38.93728256225586
2018-04-16,39.01383590698242
2018-04-17,39.26642608642578
2018-04-18,39.41950988769531
2018-04-19,39.28938293457031
2018-04-20,39.128639221191406
2018-04-23,39.08271408081055
2018-04-24,38.876060485839844
2018-04-25,38.73827362060547
2018-04-26,38.90666961669922
2018-04-27,38.93728256225586
2018-04-30,38.80717468261719
2018-05-01,38.62346267700195
2018-05-02,38.646427154541016
2018-05-03,38.76889419555664
2018-05-04,38.845436096191406
2018-05-07,38.90666961669922
2018-05-08,38.88371276855469
2018-05-09,39.128639221191406
2018-05-10,39.32765579223633
2018-05-11,39.37357711791992
2018-05-14,39.36593246459961
2018-05-15,39.151611328125
2018-05-16,39.11333084106445
2018-05-17,39.235801696777344
2018-05-18,39.128639221191406
2018-05-21,39.350616455078125
2018-05-22,39.39654541015625
2018-05-23,38.876060485839844
2018-05-24,38.784202575683594
2018-05-25,38.439762115478516
2018-05-29,37.38346862792969
2018-05-30,38.04174041748047
2018-05-31,37.90396499633789
2018-06-01,38.21779251098633
2018-06-04,38.317291259765625
2018-06-05,38.26371383666992
2018-06-06,38.63876724243164
2018-06-07,38.347904205322266
2018-06-08,38.36322784423828
2018-06-11,38.72297286987305
2018-06-12,38.53160858154297
2018-06-13,38.608154296875
2018-06-14,38.577537536621094
2018-06-15,38.286678314208984
2018-06-18,37.94989013671875
2018-06-19,37.65635681152344
2018-06-20,37.60926818847656
2018-06-21,37.303184509277344
2018-06-22,37.80546569824219
2018-06-25,37.29533767700195
2018-06-26,37.271785736083984
2018-06-27,36.918617248535156
2018-06-28,36.95785903930664
2018-06-29,37.34242630004883
2018-07-02,37.11482620239258
2018-07-03,37.27963638305664
2018-07-05,37.71915054321289
2018-07-06,37.946746826171875
2018-07-09,38.19790267944336
2018-07-10,38.28422546386719
2018-07-11,37.64851760864258
2018-07-12,37.986000061035156
2018-07-13,38.033077239990234
2018-07-16,38.04877471923828
2018-07-17,38.01737594604492
2018-07-18,38.088016510009766
2018-07-19,37.91535568237305
2018-07-20,38.12726974487305
2018-07-23,38.080169677734375
2018-07-24,38.268531799316406
2018-07-25,38.64524841308594
2018-07-26,38.36271667480469
2018-07-27,38.449039459228516
2018-07-30,38.535369873046875
2018-07-31,38.63739776611328
2018-08-01,38.42550277709961
2018-08-02,38.06447219848633
2018-08-03,38.174354553222656
2018-08-06,38.00169372558594
2018-08-07,38.27638244628906
2018-08-08,38.229286193847656
2018-08-09,38.088016510009766
2018-08-10,37.303184509277344
2018-08-13,37.20900344848633
2018-08-14,37.146217346191406
2018-08-15,36.50265121459961
2018-08-16,36.761653900146484
2018-08-17,36.97356033325195
2018-08-20,37.22469711303711
2018-08-21,37.65635681152344
2018-08-22,37.75053787231445
2018-08-23,37.530792236328125
2018-08-24,37.844730377197266
2018-08-27,38.268531799316406
2018-08-28,38.260684967041016
2018-08-29,38.45689010620117
2018-08-30,38.10371780395508
2018-08-31,37.711299896240234
2018-09-04,37.40520477294922
2018-09-05,37.16191864013672
2018-09-06,36.94215393066406
2018-09-07,36.675315856933594
2018-09-10,37.01279067993164
2018-09-11,37.004940032958984
2018-09-12,37.16976547241211
2018-09-13,37.413055419921875
2018-09-14,37.311038970947266
2018-09-17,37.42875671386719
2018-09-18,37.624961853027344
2018-09-19,37.711299896240234
2018-09-20,38.315616607666016
2018-09-21,38.28422546386719
2018-09-24,38.080169677734375
2018-09-25,38.299922943115234
2018-09-26,38.260684967041016
2018-09-27,38.11941146850586
2018-09-28,37.64065933227539
2018-10-01,37.65635681152344
2018-10-02,37.42090606689453
2018-10-03,37.57002258300781
2018-10-04,37.130516052246094
2018-10-05,36.80874252319336
2018-10-08,36.43986892700195
2018-10-09,36.416324615478516
2018-10-10,35.647186279296875
2018-10-11,35.23122787475586
2018-10-12,35.34895324707031
2018-10-15,35.31755447387695
2018-10-16,35.961124420166016
2018-10-17,35.63148880004883
2018-10-18,35.035011291503906
2018-10-19,35.27046203613281
2018-10-22,35.04286193847656
2018-10-23,34.736778259277344
2018-10-24,33.78712463378906
2018-10-25,34.1873893737793
2018-10-26,34.06966781616211
2018-10-29,34.061824798583984
2018-10-30,34.38359451293945
2018-10-31,34.67399215698242
2018-11-01,35.254756927490234
2018-11-02,35.3097038269043
2018-11-05,35.262611389160156
2018-11-06,35.294010162353516
2018-11-07,35.82769775390625
2018-11-08,35.35679626464844
2018-11-09,35.23122787475586
2018-11-12,34.485633850097656
2018-11-13,34.713233947753906
2018-11-14,34.807411193847656
2018-11-15,34.72108459472656
2018-11-16,34.72108459472656
2018-11-19,34.42283630371094
2018-11-20,33.81067657470703
2018-11-21,34.2658805847168
2018-11-23,34.014732360839844
2018-11-26,34.54056930541992
2018-11-27,34.336509704589844
2018-11-28,34.79956817626953
2018-11-29,34.65829849243164
2018-11-30,34.46208572387695
2018-12-03,34.87019729614258
2018-12-04,34.02257537841797
2018-12-06,33.60660934448242
2018-12-07,33.28483200073242
2018-12-10,32.963050842285156
2018-12-11,33.07292556762695
2018-12-12,33.630149841308594
2018-12-13,33.5987663269043
2018-12-14,33.11216354370117
2018-12-17,32.766845703125
2018-12-18,32.81351089477539
2018-12-19,32.53664016723633
2018-12-20,32.394248962402344
2018-12-21,32.03036117553711
2018-12-24,31.666460037231445
2018-12-26,32.38633728027344
2018-12-27,32.28349304199219
2018-12-28,32.560367584228516
2018-12-31,32.69485855102539
2019-01-02,32.51290512084961
2019-01-03,32.28349304199219
2019-01-04,33.240692138671875
2019-01-07,33.311893463134766
2019-01-08,33.612491607666016
2019-01-09,34.00803756713867
2019-01-10,34.06339645385742
2019-01-11,33.9210090637207
2019-01-14,33.73906707763672
2019-01-15,33.80234146118164
2019-01-16,33.81026840209961
2019-01-17,33.99220275878906
2019-01-18,34.37192153930664
2019-01-22,33.968467712402344
2019-01-23,34.18997573852539
2019-01-24,34.15833282470703
2019-01-25,34.522220611572266
2019-01-28,34.403560638427734
2019-01-29,34.55386734008789
2019-01-30,34.894020080566406
2019-01-31,34.86237716674805
2019-02-01,34.90984344482422
2019-02-04,34.98103713989258
2019-02-05,35.305381774902344
2019-02-06,35.162986755371094
2019-02-07,34.656700134277344
2019-02-08,34.55386734008789
2019-02-11,34.48267364501953
2019-02-12,34.90192794799805
2019-02-13,34.87029266357422
2019-02-14,34.90192794799805
2019-02-15,35.40031051635742
2019-02-19,35.5743408203125
2019-02-20,35.75629425048828
2019-02-21,35.64553451538086
2019-02-22,35.732547760009766
2019-02-25,35.81956100463867
2019-02-26,36.08062744140625
2019-02-27,35.95405197143555
2019-02-28,36.00151824951172
2019-03-01,36.27838897705078
2019-03-04,36.16764450073242
2019-03-05,36.199283599853516
2019-03-06,36.10435485839844
2019-03-07,35.55851745605469
2019-03-08,35.55851745605469
2019-03-11,35.835391998291016
2019-03-12,35.867034912109375
2019-03-13,36.18346405029297
2019-03-14,36.35749435424805
2019-03-15,36.74512481689453
2019-03-18,36.92707443237305
2019-03-19,37.0694580078125
2019-03-20,37.04573059082031
2019-03-21,36.934974670410156
2019-03-22,36.07271194458008
2019-03-25,36.048980712890625
2019-03-26,36.19137191772461
2019-03-27,36.24675369262695
2019-03-28,36.10435485839844
2019-03-29,36.28630447387695
2019-04-01,36.760948181152344
2019-04-02,36.8716926574707
2019-04-03,37.219764709472656
2019-04-04,37.140655517578125
2019-04-05,37.251407623291016
2019-04-08,37.28304672241211
2019-04-09,37.077369689941406
2019-04-10,37.23558044433594
2019-04-11,37.251407623291016
2019-04-12,37.51245880126953
2019-04-15,37.62321090698242
2019-04-16,37.62321090698242
2019-04-17,37.757686614990234
2019-04-18,37.686492919921875
2019-04-22,37.686492919921875
2019-04-23,37.654850006103516
2019-04-24,37.46499252319336
2019-04-25,37.354244232177734
2019-04-26,37.362159729003906
2019-04-29,37.58365249633789
2019-04-30,37.73395919799805
2019-05-01,37.44917678833008
2019-05-02,37.34633255004883
2019-05-03,37.73395919799805
2019-05-06,37.33842086791992
2019-05-07,36.697654724121094
2019-05-08,36.82423782348633
2019-05-09,36.60273742675781
2019-05-10,36.8716926574707
2019-05-13,36.033164978027344
2019-05-14,36.38123321533203
2019-05-15,36.51571273803711
2019-05-16,36.79258728027344
2019-05-17,36.586910247802734
2019-05-20,36.30211639404297
2019-05-21,36.594810485839844
2019-05-22,36.42869186401367
2019-05-23,36.04106903076172
2019-05-24,36.42078399658203
2019-05-28,36.05690002441406
2019-05-29,35.66926574707031
2019-05-30,35.882850646972656
2019-05-31,35.5743408203125
2019-06-03,35.795841217041016
2019-06-04,36.23883819580078
2019-06-05,36.23883819580078
2019-06-06,36.39704895019531
2019-06-07,36.879608154296875
2019-06-10,36.934974670410156
2019-06-11,37.203941345214844
2019-06-12,36.96662139892578
2019-06-13,36.990352630615234
2019-06-14,36.68975067138672
2019-06-17,36.64992141723633
2019-06-18,37.161888122558594
2019-06-19,37.34878921508789
2019-06-20,37.77949523925781
2019-06-21,37.68198013305664
2019-06-24,37.787620544433594
2019-06-25,37.527584075927734
2019-06-26,37.527584075927734
2019-06-27,37.55195236206055
2019-06-28,37.86888122558594
2019-07-01,37.92576217651367
2019-07-02,37.974525451660156
2019-07-03,38.29957962036133
2019-07-05,37.92576217651367
2019-07-08,37.74699020385742
2019-07-09,37.576332092285156
2019-07-10,37.730735778808594
2019-07-11,37.69010543823242
2019-07-12,37.730735778808594
2019-07-15,37.787620544433594
2019-07-16,37.61697006225586
2019-07-17,37.560081481933594
2019-07-18,37.66571807861328
2019-07-19,37.462562561035156
2019-07-22,37.55195236206055
2019-07-23,37.795745849609375
2019-07-24,37.787620544433594
2019-07-25,37.47068786621094
2019-07-26,37.59257888793945
2019-07-29,37.67385482788086
2019-07-30,37.121253967285156
2019-07-31,36.82058334350586
2019-08-01,36.682430267333984
2019-08-02,36.3329963684082
2019-08-05,35.593502044677734
2019-08-06,35.772274017333984
2019-08-07,35.999813079833984
2019-08-08,36.259864807128906
2019-08-09,36.09733581542969
2019-08-12,35.821041107177734
2019-08-13,36.1217155456543
2019-08-14,35.0977897644043
2019-08-15,35.08966827392578
2019-08-16,35.52849578857422
2019-08-19,35.81290817260742
2019-08-20,35.64225387573242
2019-08-21,36.00794982910156
2019-08-22,35.97543716430664
2019-08-23,35.52849578857422
2019-08-26,35.73164749145508
2019-08-27,35.78852844238281
2019-08-28,35.73164749145508
2019-08-29,36.0648307800293
2019-08-30,36.227359771728516
2019-09-03,36.12983703613281
2019-09-04,36.658058166503906
2019-09-05,36.8612060546875
2019-09-06,36.942474365234375
2019-09-09,36.98310852050781
2019-09-10,37.007484436035156
2019-09-11,37.21065139770508
2019-09-12,37.43006134033203
2019-09-13,37.625099182128906
2019-09-16,37.218772888183594
2019-09-17,37.39755630493164
2019-09-18,37.37317657470703
2019-09-19,37.462562561035156
2019-09-20,37.381309509277344
2019-09-23,37.2431526184082
2019-09-24,37.0724983215332
2019-09-25,36.8612060546875
2019-09-26,37.040000915527344
2019-09-27,37.023738861083984
2019-09-30,37.170013427734375
2019-10-01,36.74744415283203
2019-10-02,35.87792205810547
2019-10-03,36.081085205078125
2019-10-04,36.39801025390625
2019-10-07,36.45489501953125
2019-10-08,35.999813079833984
2019-10-09,36.30048751831055
2019-10-10,36.60929489135742
2019-10-11,37.42192840576172
2019-10-14,37.308162689208984
2019-10-15,37.795745849609375
2019-10-16,37.852630615234375
2019-10-17,38.023277282714844
2019-10-18,38.08016586303711
2019-10-21,38.21831512451172
2019-10-22,38.06391906738281
2019-10-23,38.27519989013672
2019-10-24,38.372718811035156
2019-10-25,38.32395935058594
2019-10-28,38.55962371826172
2019-10-29,38.502742767333984
2019-10-30,38.738407135009766
2019-10-31,38.58399963378906
2019-11-01,38.88467788696289
2019-11-04,39.079715728759766
2019-11-05,39.01470184326172
2019-11-06,38.98219680786133
2019-11-07,39.01470184326172
2019-11-08,38.941566467285156
2019-11-11,38.98219680786133
2019-11-12,38.933441162109375
2019-11-13,38.89280319213867
2019-11-14,38.80341720581055
2019-11-15,39.0634651184082
2019-11-18,39.169105529785156
2019-11-19,39.08783721923828
2019-11-20,38.819671630859375
2019-11-21,38.78715896606445
2019-11-22,38.86030197143555
2019-11-25,39.169105529785156
2019-11-26,39.209739685058594
2019-11-27,39.33163833618164
2019-11-29,39.07158660888672
2019-12-02,38.84404754638672
2019-12-03,38.6815185546875
2019-12-04,39.07158660888672
2019-12-05,38.99032211303711
2019-12-06,39.364131927490234
2019-12-09,39.209739685058594
2019-12-10,39.193477630615234
2019-12-11,39.421024322509766
2019-12-12,39.721702575683594
2019-12-13,40.14426040649414
2019-12-16,40.67346954345703
2019-12-17,40.34579086303711
2019-12-18,40.296630859375
2019-12-19,40.34579086303711
2019-12-20,40.427703857421875
2019-12-23,40.493247985839844
2019-12-24,40.53421401977539
2019-12-26,40.69804382324219
2019-12-27,40.91923522949219
2019-12-30,40.58336639404297
2019-12-31,40.85369110107422
2020-01-02,41.15680694580078
2020-01-03,40.68985366821289
2020-01-06,40.76358413696289
2020-01-07,40.59974670410156
2020-01-08,40.67346954345703
2020-01-09,40.72262954711914
2020-01-10,40.53421401977539
2020-01-13,40.69804382324219
2020-01-14,40.73081970214844
2020-01-15,40.77177810668945
2020-01-16,40.95199966430664
2020-01-17,41.15680694580078
2020-01-21,40.86188888549805
2020-01-22,40.82911682128906
2020-01-23,40.75539016723633
2020-01-24,40.616127014160156
2020-01-27,39.78053283691406
2020-01-28,40.116416931152344
2020-01-29,40.19014358520508
2020-01-30,40.20652770996094
2020-01-31,39.600318908691406
2020-02-03,39.52658462524414
2020-02-04,40.181949615478516
2020-02-05,40.65708923339844
2020-02-06,40.70623779296875
2020-02-07,40.28844451904297
2020-02-10,40.444091796875
2020-02-11,40.75539016723633
2020-02-12,40.9601936340332
2020-02-13,40.73081970214844
2020-02-14,40.73081970214844
2020-02-18,40.542396545410156
2020-02-19,40.75539016723633
2020-02-20,40.56697463989258
2020-02-21,40.41951370239258
2020-02-24,38.68280029296875
2020-02-25,37.83902359008789
2020-02-26,37.896366119384766
2020-02-27,36.67576217651367
2020-02-28,36.413612365722656
2020-03-02,37.15088653564453
2020-03-03,36.79863739013672
2020-03-04,38.06840515136719
2020-03-05,36.83140563964844
2020-03-06,36.29892349243164
2020-03-09,33.14499282836914
2020-03-10,34.349220275878906
2020-03-11,32.350364685058594
2020-03-12,28.63117790222168
2020-03-13,30.507160186767578
2020-03-16,26.951807022094727
2020-03-17,27.771015167236328
2020-03-18,26.034297943115234
2020-03-19,26.51763153076172
2020-03-20,26.173564910888672
2020-03-23,26.001529693603516
2020-03-24,28.36902618408203
2020-03-25,29.393035888671875
2020-03-26,30.84302520751953
2020-03-27,29.843599319458008
2020-03-30,30.277772903442383
2020-03-31,30.37608528137207
2020-04-01,29.016197204589844
2020-04-02,29.540491104125977
2020-04-03,28.942474365234375
2020-04-06,30.41703987121582
2020-04-07,30.597259521484375
2020-04-08,31.039636611938477
2020-04-09,31.826066970825195
2020-04-13,31.416467666625977
2020-04-14,31.916179656982422
2020-04-15,30.64641761779785
2020-04-16,30.736522674560547
2020-04-17,31.72776222229004
2020-04-20,31.32635498046875
2020-04-21,30.703760147094727
2020-04-22,31.09698486328125
2020-04-23,30.933134078979492
2020-04-24,31.318157196044922
2020-04-27,31.76873016357422
2020-04-28,31.957143783569336
2020-04-29,32.90741729736328
2020-04-30,32.32578659057617
2020-05-01,31.621265411376953
2020-05-04,31.563920974731445
2020-05-05,31.539350509643555
2020-05-06,31.2853946685791
2020-05-07,31.801498413085938
2020-05-08,32.41590118408203
2020-05-11,32.243865966796875
2020-05-12,31.858837127685547
2020-05-13,31.400083541870117
2020-05-14,31.12155532836914
2020-05-15,31.170703887939453
2020-05-18,32.58792495727539
2020-05-19,32.13737106323242
2020-05-20,32.84188461303711
2020-05-21,32.57973861694336
2020-05-22,32.5633544921875
2020-05-26,33.40713119506836
2020-05-27,33.86588668823242
2020-05-28,34.19356918334961
2020-05-29,34.2099494934082
2020-06-01,34.97999954223633
2020-06-02,35.356834411621094
2020-06-03,36.3808479309082
2020-06-04,36.315311431884766
2020-06-05,36.954280853271484
2020-06-08,37.39665603637695
2020-06-09,36.74948501586914
2020-06-10,36.64298629760742
2020-06-11,34.44751739501953
2020-06-12,35.08650207519531
2020-06-15,35.41464614868164
2020-06-16,35.81340026855469
2020-06-17,35.87986373901367
2020-06-18,35.63064193725586
2020-06-19,35.481101989746094
2020-06-22,35.87986373901367
2020-06-23,36.15400695800781
2020-06-24,35.19864273071289
2020-06-25,35.68048858642578
2020-06-26,35.140499114990234
2020-06-29,35.456180572509766
2020-06-30,35.522640228271484
2020-07-01,35.755252838134766
2020-07-02,36.04601287841797
2020-07-06,36.70229721069336
2020-07-07,36.11247253417969
2020-07-08,36.55276107788086
2020-07-09,36.029396057128906
2020-07-10,36.41154098510742
2020-07-13,36.18723678588867
2020-07-14,36.768760681152344
2020-07-15,37.225677490234375
2020-07-16,37.10935974121094
2020-07-17,37.38351058959961
2020-07-20,37.65765380859375
2020-07-21,37.74073028564453
2020-07-22,37.989952087402344
2020-07-23,37.632728576660156
2020-07-24,37.317047119140625
2020-07-27,37.757347106933594
2020-07-28,37.5745735168457
2020-07-29,38.06471252441406
2020-07-30,37.533042907714844
2020-07-31,36.73552703857422
2020-08-03,37.474891662597656
2020-08-04,37.607810974121094
2020-08-05,37.80718994140625
2020-08-06,37.85703659057617
2020-08-07,37.74073028564453
2020-08-10,37.7490348815918
2020-08-11,37.881954193115234
2020-08-12,38.72931671142578
2020-08-13,38.53824234008789
2020-08-14,38.14779281616211
2020-08-17,38.488399505615234
2020-08-18,38.48009490966797
2020-08-19,38.239173889160156
2020-08-20,38.181026458740234
2020-08-21,37.90687561035156
2020-08-24,38.43854904174805
2020-08-25,38.4967041015625
2020-08-26,38.85392379760742
2020-08-27,38.37209701538086
2020-08-28,38.66285705566406
2020-08-31,38.40532684326172
2020-09-01,38.28901672363281
2020-09-02,38.88716125488281
2020-09-03,37.923492431640625
2020-09-04,38.006568908691406
2020-09-08,37.458274841308594
2020-09-09,38.36378860473633
2020-09-10,37.79887771606445
2020-09-11,38.13948440551758
2020-09-14,38.313941955566406
2020-09-15,38.56316375732422
2020-09-16,38.55485916137695
2020-09-17,38.63793182373047
2020-09-18,38.34717559814453
2020-09-21,37.159210205078125
2020-09-22,37.05120849609375
2020-09-23,36.53615188598633
2020-09-24,36.50292205810547
2020-09-25,36.6607551574707
2020-09-28,37.28382110595703
2020-09-29,37.27550506591797
2020-09-30,37.14259719848633
2020-10-01,37.425045013427734
2020-10-02,37.416744232177734
2020-10-05,38.09794616699219
2020-10-06,37.55796813964844
2020-10-07,37.86533737182617
2020-10-08,38.23087692260742
2020-10-09,38.61301040649414
2020-10-12,38.870540618896484
2020-10-13,38.26409912109375
2020-10-14,38.17272186279297
2020-10-15,37.64104080200195
2020-10-16,37.881954193115234
2020-10-19,37.715816497802734
2020-10-20,38.006568908691406
2020-10-21,37.59950637817383
2020-10-22,37.61612319946289
2020-10-23,37.94841384887695
2020-10-26,37.07612609863281
2020-10-27,36.58599090576172
2020-10-28,35.23188018798828
2020-10-29,35.32325744628906
2020-10-30,35.22356414794922
2020-11-02,35.7386360168457
2020-11-03,36.72722244262695
2020-11-04,37.33366394042969
2020-11-05,38.189327239990234
2020-11-06,38.29732131958008
2020-11-09,39.39390563964844
2020-11-10,39.983741760253906
2020-11-11,40.3326530456543
2020-11-12,39.80097198486328
2020-11-13,40.382503509521484
2020-11-16,40.80617904663086
2020-11-17,40.822792053222656
2020-11-18,40.615108489990234
2020-11-19,40.87263870239258
2020-11-20,40.85601806640625
2020-11-23,40.83940887451172
2020-11-24,41.45415496826172
2020-11-25,41.45415496826172
2020-11-27,41.59538269042969
2020-11-30,40.997249603271484
2020-12-01,41.97752380371094
2020-12-02,42.00244903564453
2020-12-03,42.135372161865234
2020-12-04,42.50920867919922
2020-12-07,42.23505401611328
2020-12-08,42.36797332763672
2020-12-09,42.35136032104492
2020-12-10,42.30982208251953
2020-12-11,42.03567886352539
2020-12-14,42.05833053588867
2020-12-15,42.628841400146484
2020-12-16,42.84698486328125
2020-12-17,43.1741828918457
2020-12-18,42.97282791137695
2020-12-21,42.37714385986328
2020-12-22,42.27647018432617
2020-12-23,42.86375427246094
2020-12-24,42.98121643066406
2020-12-28,43.27486801147461
2020-12-29,43.551719665527344
2020-12-30,43.51816177368164
2020-12-31,43.02316665649414
2021-01-04,43.5433349609375
2021-01-05,43.94605255126953
2021-01-06,44.49978256225586
2021-01-07,44.600460052490234
2021-01-08,44.810203552246094
2021-01-11,44.18096923828125
2021-01-12,44.35715103149414
2021-01-13,44.18935775756836
2021-01-14,44.49978256225586
2021-01-15,43.778255462646484
2021-01-19,44.12224578857422
2021-01-20,44.42426681518555
2021-01-21,44.56689453125
2021-01-22,44.298423767089844
2021-01-25,43.99638748168945
2021-01-26,44.18935775756836
2021-01-27,43.1070671081543
2021-01-28,43.51816177368164
2021-01-29,42.61206817626953
2021-02-01,43.1741828918457
2021-02-02,43.660797119140625
2021-02-03,43.68596267700195
2021-02-04,43.744693756103516
2021-02-05,44.02155685424805
2021-02-08,44.164180755615234
2021-02-09,44.382320404052734
2021-02-10,44.21451950073242
2021-02-11,44.49978256225586
2021-02-12,44.801815032958984
2021-02-16,45.2213134765625
2021-02-17,44.793418884277344
2021-02-18,44.600460052490234
2021-02-19,44.73469161987305
2021-02-22,44.64240646362305
2021-02-23,44.6256217956543
2021-02-24,45.01995086669922
2021-02-25,44.248077392578125
2021-02-26,43.82019805908203
2021-03-01,44.52495193481445
2021-03-02,44.66757583618164
2021-03-03,44.40748977661133
2021-03-04,43.90409469604492
2021-03-05,44.10546112060547
2021-03-08,44.18935775756836
2021-03-09,44.86893081665039
2021-03-10,45.16257858276367
2021-03-11,45.57366943359375
2021-03-12,45.60723876953125
2021-03-15,45.498172760009766
2021-03-16,45.45623016357422
2021-03-17,45.65757751464844
2021-03-18,45.12902069091797
2021-03-19,45.187747955322266
2021-03-22,45.36393356323242
2021-03-23,44.7514762878418
2021-03-24,44.6340217590332
2021-03-25,44.877323150634766
2021-03-26,45.43944549560547
2021-03-29,45.27164840698242
2021-03-30,45.33037567138672
2021-03-31,45.2800407409668
2021-04-01,46.018333435058594
2021-04-05,46.765037536621094
2021-04-06,46.35393524169922
2021-04-07,46.44621658325195
2021-04-08,46.7734260559082
2021-04-09,46.90766143798828
2021-04-12,46.67274475097656
2021-04-13,46.949615478515625
2021-04-14,46.958011627197266
2021-04-15,47.35232162475586
2021-04-16,47.90605545043945
2021-04-19,47.8557243347168
2021-04-20,47.05029296875
2021-04-21,47.48656463623047
2021-04-22,47.33554458618164
2021-04-23,47.82216262817383
2021-04-26,47.9480094909668
2021-04-27,47.91444778442383
2021-04-28,48.065467834472656
2021-04-29,48.12419891357422
2021-04-30,47.461395263671875
2021-05-03,48.073856353759766
2021-05-04,47.26004409790039
2021-05-05,47.889278411865234
2021-05-06,48.23326110839844
2021-05-07,48.94640350341797
2021-05-10,48.56047058105469
2021-05-11,47.98995590209961
2021-05-12,47.478172302246094
2021-05-13,47.872493743896484
2021-05-14,48.78699493408203
2021-05-17,48.728267669677734
2021-05-18,48.78699493408203
2021-05-19,48.25844192504883
2021-05-20,48.96318435668945
2021-05-21,49.038692474365234
2021-05-24,49.315547943115234
2021-05-25,49.39945983886719
2021-05-26,49.23165512084961
2021-05-27,49.357505798339844
2021-05-28,49.50851821899414
2021-06-01,49.860897064208984
2021-06-02,49.89445114135742
2021-06-03,49.5672492980957
2021-06-04,49.9364013671875
2021-06-07,50.179710388183594
2021-06-08,50.1880989074707
2021-06-09,50.137760162353516
2021-06-10,50.18544006347656
2021-06-11,50.347225189208984
2021-06-14,50.45791244506836
2021-06-15,50.47494125366211
2021-06-16,49.9810905456543
2021-06-17,49.54684066772461
2021-06-18,48.56766128540039
2021-06-21,49.2658576965332
2021-06-22,49.291404724121094
2021-06-23,48.95932388305664
2021-06-24,49.436153411865234
2021-06-25,49.504268646240234
2021-06-28,49.12962341308594
2021-06-29,49.18922805786133
2021-06-30,48.772010803222656
2021-07-01,49.03596496582031
2021-07-02,49.18070983886719
2021-07-06,48.8827018737793
2021-07-07,49.14665603637695
2021-07-08,48.533599853515625
2021-07-09,49.240318298339844
2021-07-12,49.504268646240234
2021-07-13,49.2318000793457
2021-07-14,49.2658576965332
2021-07-15,48.806068420410156
2021-07-16,48.46547317504883
2021-07-19,47.469261169433594
2021-07-20,47.72469711303711
2021-07-21,48.66131591796875
2021-07-22,48.703887939453125
2021-07-23,49.13813400268555
2021-07-26,49.36803436279297
2021-07-27,49.206260681152344
2021-07-28,49.453182220458984
2021-07-29,49.819305419921875
2021-07-30,49.614959716796875
2021-08-02,49.82782745361328
2021-08-03,50.18544006347656
2021-08-04,50.14286804199219
2021-08-05,50.38978958129883
2021-08-06,50.16841125488281
2021-08-09,50.11732864379883
2021-08-10,50.17692947387695
2021-08-11,50.577125549316406
2021-08-12,50.585636138916016
2021-08-13,50.917701721191406
2021-08-16,50.704830169677734
2021-08-17,50.2620735168457
2021-08-18,50.10881042480469
2021-08-19,49.572383880615234
2021-08-20,49.785247802734375
2021-08-23,50.20246887207031
2021-08-24,50.253562927246094
2021-08-25,50.347225189208984
2021-08-26,50.06623458862305
2021-08-27,50.6026611328125
2021-08-30,50.628204345703125
2021-08-31,50.49197006225586
2021-09-01,50.82404327392578
2021-09-02,51.12205505371094
2021-09-03,50.900672912597656
2021-09-07,50.75592041015625
2021-09-08,50.21949768066406
2021-09-09,50.04920196533203
2021-09-10,49.93851852416992
2021-09-13,50.21949768066406
2021-09-14,50.0832633972168
2021-09-15,50.09178161621094
2021-09-16,50.06623458862305
2021-09-17,49.33396911621094
2021-09-20,48.329246520996094
2021-09-21,48.86566925048828
2021-09-22,49.31694412231445
2021-09-23,49.93000030517578
2021-09-24,49.35099792480469
2021-09-27,49.21476745605469
2021-09-28,48.03974151611328
2021-09-29,47.903507232666016
2021-09-30,47.733219146728516
2021-10-01,48.03974151611328
2021-10-04,47.767276763916016
2021-10-05,48.014198303222656
2021-10-06,47.682132720947266
2021-10-07,48.03974151611328
2021-10-08,48.0908317565918
2021-10-11,47.767276763916016
2021-10-12,47.94608688354492
2021-10-13,48.66131591796875
2021-10-14,49.16368865966797
2021-10-15,49.56386947631836
2021-10-18,49.359519958496094
2021-10-19,49.631988525390625
2021-10-20,49.819305419921875
2021-10-21,49.836334228515625
2021-10-22,50.10029602050781
2021-10-25,49.88743209838867
2021-10-26,50.11732864379883
2021-10-27,49.955543518066406
2021-10-28,50.47494125366211
2021-10-29,50.134361267089844
2021-11-01,50.611175537109375
2021-11-02,50.49197006225586
2021-11-03,50.95176315307617
2021-11-04,50.82404327392578
2021-11-05,50.892154693603516
2021-11-08,50.9432487487793
2021-11-09,50.968788146972656
2021-11-10,50.398311614990234
2021-11-11,50.585636138916016
2021-11-12,50.704830169677734
2021-11-15,50.568603515625
2021-11-16,50.423851013183594
2021-11-17,50.50899124145508
2021-11-18,50.551578521728516
2021-11-19,49.89594268798828
2021-11-22,49.470211029052734
2021-11-23,49.299922943115234
2021-11-24,48.99339294433594
2021-11-26,47.84390640258789
2021-11-29,48.12489700317383
2021-11-30,47.784297943115234
2021-12-01,47.52886962890625
2021-12-02,48.07380294799805
2021-12-03,47.74173355102539
2021-12-06,48.2355842590332
2021-12-07,49.1977424621582
2021-12-08,49.308433532714844
2021-12-09,48.8486442565918
2021-12-10,49.01041793823242
2021-12-13,48.509456634521484
2021-12-14,48.147315979003906
2021-12-15,48.76812744140625
2021-12-16,48.862972259521484
2021-12-17,48.18180465698242
2021-12-20,48.18180465698242
2021-12-21,48.8026123046875
2021-12-22,49.44929122924805
2021-12-23,49.73383712768555
2021-12-27,50.29429244995117
2021-12-28,50.363258361816406
2021-12-29,50.44948196411133
2021-12-30,50.24832534790039
2021-12-31,50.213783264160156
2022-01-03,50.662742614746094
2022-01-04,50.77498245239258
2022-01-05,50.3519287109375
2022-01-06,50.14472198486328
2022-01-07,50.41236877441406
2022-01-10,49.76483154296875
2022-01-11,50.3173942565918
2022-01-12,50.749080657958984
2022-01-13,50.4468994140625
2022-01-14,50.30012512207031
2022-01-18,49.5576286315918
2022-01-19,49.67850112915039
2022-01-20,49.3417854309082
2022-01-21,48.58201217651367
2022-01-24,47.85677719116211
2022-01-25,47.554603576660156
2022-01-26,47.649566650390625
2022-01-27,47.580501556396484
2022-01-28,47.73591232299805
2022-01-31,48.46977615356445
2022-02-01,49.05686569213867
2022-02-02,49.35041427612305
2022-02-03,48.65971755981445
2022-02-04,48.504310607910156
2022-02-07,48.57337951660156
2022-02-08,48.711517333984375
2022-02-09,49.53173065185547
2022-02-10,48.94462966918945
2022-02-11,48.029457092285156
2022-02-14,47.53732681274414
2022-02-15,48.59065246582031
2022-02-16,48.797855377197266
2022-02-17,47.951751708984375
2022-02-18,47.64093780517578
2022-02-22,46.907073974609375
2022-02-23,46.52717971801758
2022-02-24,45.655181884765625
2022-02-25,46.99340057373047
2022-02-28,45.931461334228516
2022-03-01,44.69683074951172
2022-03-02,45.30119705200195
2022-03-03,44.1097412109375
2022-03-04,42.244850158691406
2022-03-07,40.82891845703125
2022-03-08,41.7958984375
2022-03-09,43.971595764160156
2022-03-10,43.142765045166016
2022-03-11,42.74560546875
2022-03-14,43.548545837402344
2022-03-15,43.83346176147461
2022-03-16,45.551570892333984
2022-03-17,45.836483001708984
2022-03-18,46.25090789794922
2022-03-21,45.78468322753906
2022-03-22,46.36315155029297
2022-03-23,45.551570892333984
2022-03-24,45.810585021972656
2022-03-25,45.87102127075195
2022-03-28,45.922821044921875
2022-03-29,47.06247329711914
2022-03-30,47.019309997558594
2022-03-31,46.1041374206543
2022-04-01,46.604888916015625
2022-04-04,46.64805603027344
2022-04-05,46.20773696899414
2022-04-06,45.64654541015625
2022-04-07,45.87965393066406
2022-04-08,45.90555953979492
2022-04-11,45.551570892333984
2022-04-12,45.18032455444336
2022-04-13,45.655181884765625
2022-04-14,45.456600189208984
2022-04-18,45.292564392089844
2022-04-19,45.439334869384766
2022-04-20,45.810585021972656
2022-04-21,45.39616775512695
2022-04-22,44.65366744995117
2022-04-25,44.31694793701172
2022-04-26,42.840579986572266
2022-04-27,43.04779815673828
2022-04-28,43.6003532409668
2022-04-29,43.142765045166016
2022-05-02,42.88374328613281
2022-05-03,43.220462799072266
2022-05-04,43.9543342590332
2022-05-05,42.477962493896484
2022-05-06,41.81316375732422
2022-05-09,40.535377502441406
2022-05-10,40.94115447998047
2022-05-11,40.73394775390625
2022-05-12,40.57854080200195
2022-05-13,41.726829528808594
2022-05-16,41.890872955322266
2022-05-17,42.88374328613281
2022-05-18,41.623226165771484
2022-05-19,42.14125061035156
2022-05-20,42.32255935668945
2022-05-23,43.237735748291016
2022-05-24,43.229103088378906
2022-05-25,43.10822296142578
2022-05-26,43.69532012939453
2022-05-27,44.21334457397461
2022-05-31,44.08383560180664
2022-06-01,43.42767333984375
2022-06-02,44.42055892944336
2022-06-03,43.83346176147461
2022-06-06,44.04066848754883
2022-06-07,44.13563919067383
2022-06-08,43.522647857666016
2022-06-09,42.4023323059082
2022-06-10,41.245826721191406
2022-06-13,39.83329772949219
2022-06-14,39.28594970703125
2022-06-15,40.19525146484375
2022-06-16,39.22414779663086
2022-06-17,39.197662353515625
2022-06-21,39.80681610107422
2022-06-22,39.577274322509766
2022-06-23,39.35657501220703
2022-06-24,40.654335021972656
2022-06-27,40.57487106323242
2022-06-28,40.177608489990234
2022-06-29,39.93040466308594
2022-06-30,39.69204330444336
2022-07-01,39.70087814331055
2022-07-05,38.588504791259766
2022-07-06,38.667964935302734
2022-07-07,39.241798400878906
2022-07-08,39.28594970703125
2022-07-11,38.65913772583008
2022-07-12,38.65913772583008
2022-07-13,38.606163024902344
2022-07-14,37.988182067871094
2022-07-15,38.74741744995117
2022-07-18,38.985782623291016
2022-07-19,40.23940658569336
2022-07-20,39.79799270629883
2022-07-21,40.29236602783203
2022-07-22,40.151119232177734
2022-07-25,40.51308059692383
2022-07-26,39.903926849365234
2022-07-27,40.839725494384766
2022-07-28,41.086917877197266
2022-07-29,41.740211486816406
2022-08-01,41.634273529052734
2022-08-02,40.98980712890625
2022-08-03,41.37825012207031
2022-08-04,41.72256088256836
2022-08-05,41.31645584106445
2022-08-08,41.40473937988281
2022-08-09,41.21934509277344
2022-08-10,42.1551399230957
2022-08-11,42.11100387573242
2022-08-12,42.35819625854492
2022-08-15,41.943260192871094
2022-08-16,41.99623489379883
2022-08-17,41.58130645751953
2022-08-18,41.37825012207031
2022-08-19,40.79558563232422
2022-08-22,39.886268615722656
2022-08-23,39.886268615722656
2022-08-24,39.974552154541016
2022-08-25,40.35417175292969
2022-08-26,39.144691467285156
2022-08-29,39.20649337768555
2022-08-30,38.906333923339844
2022-08-31,38.606163024902344
2022-09-01,37.97052001953125
2022-09-02,37.74981689453125
2022-09-06,37.873416900634766
2022-09-07,38.40311813354492
2022-09-08,38.30600357055664
2022-09-09,39.374229431152344
2022-09-12,40.106971740722656
2022-09-13,38.68561553955078
2022-09-14,38.738590240478516
2022-09-15,38.35013961791992
2022-09-16,38.014671325683594
2022-09-19,38.11178207397461
2022-09-20,37.273094177246094
2022-09-21,36.814022064208984
2022-09-22,36.5844841003418
2022-09-23,35.14547348022461
2022-09-26,34.54515075683594
2022-09-27,34.37740707397461
2022-09-28,35.313209533691406
2022-09-29,34.86296844482422
2022-09-30,34.907108306884766
2022-10-03,35.68399429321289
2022-10-04,37.3260612487793
2022-10-05,36.761051177978516
2022-10-06,35.9753303527832
2022-10-07,35.295555114746094
2022-10-10,35.1278190612793
2022-10-11,34.695228576660156
2022-10-12,34.62459945678711
2022-10-13,35.5957145690918
2022-10-14,35.10132598876953
2022-10-17,36.196041107177734
2022-10-18,36.628631591796875
2022-10-19,36.00181579589844
2022-10-20,35.94001770019531
2022-10-21,36.59331130981445
2022-10-24,36.82284927368164
2022-10-25,37.73215866088867
2022-10-26,38.19123458862305
2022-10-27,37.891075134277344
2022-10-28,38.26185607910156
2022-10-31,37.864585876464844
2022-11-01,38.049983978271484
2022-11-02,37.379032135009766
2022-11-03,36.98175811767578
2022-11-04,38.641483306884766
2022-11-07,38.888668060302734
2022-11-08,39.30359649658203
2022-11-09,38.79155349731445
2022-11-10,40.98980712890625
2022-11-11,41.83732604980469
2022-11-14,41.39590835571289
2022-11-15,41.519508361816406
2022-11-16,41.466529846191406
2022-11-17,41.44004440307617
2022-11-18,41.57247543334961
2022-11-21,41.298797607421875
2022-11-22,41.89029312133789
2022-11-23,42.384674072265625
2022-11-25,42.62303924560547
2022-11-28,41.96092224121094
2022-11-29,42.07568359375
2022-11-30,42.87023162841797
2022-12-01,43.29399490356445
2022-12-02,43.3911018371582
2022-12-05,42.92320251464844
2022-12-06,42.62303924560547
2022-12-07,42.614219665527344
2022-12-08,42.76429748535156
2022-12-09,42.73781204223633
2022-12-12,42.92320251464844
2022-12-13,43.598880767822266
2022-12-14,43.63444900512695
2022-12-15,42.45200729370117
2022-12-16,41.945255279541016
2022-12-19,41.85634994506836
2022-12-20,41.9185791015625
2022-12-21,42.53202819824219
2022-12-22,42.131954193115234
2022-12-23,42.31865310668945
2022-12-27,42.37199020385742
2022-12-28,42.007484436035156
2022-12-29,42.66538619995117
2022-12-30,42.22975158691406
2023-01-03,42.69205093383789
2023-01-04,43.5010871887207
2023-01-05,43.163246154785156
2023-01-06,44.283451080322266
2023-01-09,44.54126739501953
2023-01-10,44.745750427246094
2023-01-11,45.083587646484375
2023-01-12,45.6436882019043
2023-01-13,45.88373565673828
2023-01-17,45.99041748046875
2023-01-18,45.8570671081543
2023-01-19,45.67036056518555
2023-01-20,45.99930191040039
2023-01-23,46.2304573059082
2023-01-24,46.105995178222656
2023-01-25,46.28380584716797
2023-01-26,46.346038818359375
2023-01-27,46.19489669799805
2023-01-30,45.928184509277344
2023-01-31,46.212684631347656
2023-02-01,46.728328704833984
2023-02-02,46.81723403930664
2023-02-03,46.346038818359375
2023-02-06,45.88373565673828
2023-02-07,46.15933609008789
2023-02-08,46.034873962402344
2023-02-09,46.150447845458984
2023-02-10,45.77704620361328
2023-02-13,46.43494415283203
2023-02-14,46.657203674316406
2023-02-15,46.63053512573242
2023-02-16,46.3371467590332
2023-02-17,46.56829833984375
2023-02-21,46.105995178222656
2023-02-22,45.81260681152344
2023-02-23,46.0704345703125
2023-02-24,45.31474304199219
2023-02-27,45.98152542114258
2023-02-28,45.53700637817383
2023-03-01,45.81260681152344
2023-03-02,45.82149887084961
2023-03-03,46.43494415283203
2023-03-06,46.35492706298828
2023-03-07,45.40364456176758
2023-03-08,45.43031692504883
2023-03-09,44.98579406738281
2023-03-10,44.67462158203125
2023-03-13,44.301231384277344
2023-03-14,45.15471649169922
2023-03-15,43.483299255371094
2023-03-16,44.141197204589844
2023-03-17,43.47441864013672
2023-03-20,44.31900405883789
2023-03-21,45.1191520690918
2023-03-22,44.84354782104492
2023-03-23,44.84354782104492
2023-03-24,44.53238296508789
2023-03-27,45.03913116455078
2023-03-28,45.03913116455078
2023-03-29,45.7059211730957
2023-03-30,46.408267974853516
2023-03-31,46.56829833984375
2023-04-03,46.88835525512695
2023-04-04,46.93281173706055
2023-04-05,46.621639251708984
2023-04-06,47.02171325683594
2023-04-10,47.003929138183594
2023-04-11,47.226192474365234
2023-04-12,47.59959030151367
2023-04-13,48.23081588745117
2023-04-14,48.17747116088867
2023-04-17,47.999664306640625
2023-04-18,48.328609466552734
2023-04-19,48.186363220214844
2023-04-20,48.17747116088867
2023-04-21,48.497528076171875
2023-04-24,48.719791412353516
2023-04-25,47.88408660888672
2023-04-26,47.97299575805664
2023-04-27,48.497528076171875
2023-04-28,48.50642395019531
2023-05-01,48.4886474609375
2023-05-02,47.90187072753906
2023-05-03,48.03522491455078
2023-05-04,47.83074951171875
2023-05-05,48.5419807434082
2023-05-08,48.61310958862305
2023-05-09,48.17747116088867
2023-05-10,48.10635757446289
2023-05-11,47.90187072753906
2023-05-12,47.75962448120117
2023-05-15,48.09745788574219
2023-05-16,47.61737060546875
2023-05-17,47.8040771484375
2023-05-18,47.724063873291016
2023-05-19,48.0619010925293
2023-05-22,47.97299575805664
2023-05-23,47.306209564208984
2023-05-24,46.55940628051758
2023-05-25,46.39937973022461
2023-05-26,46.87946319580078
2023-05-30,46.41716003417969
2023-05-31,45.88373565673828
2023-06-01,46.42605209350586
2023-06-02,46.9594841003418
2023-06-05,46.621639251708984
2023-06-06,46.85279083251953
2023-06-07,46.666385650634766
2023-06-08,47.14832305908203
2023-06-09,46.93008804321289
2023-06-12,47.10285568237305
2023-06-13,47.448402404785156
2023-06-14,47.62116622924805
2023-06-15,48.23950958251953
2023-06-16,48.221317291259766
2023-06-20,47.52114486694336
2023-06-21,47.45749282836914
2023-06-22,47.257442474365234
2023-06-23,46.675479888916016
2023-06-26,46.7391242980957
2023-06-27,47.21197509765625
2023-06-28,47.19378662109375
2023-06-29,47.11195373535156
2023-06-30,47.85759353637695
2023-07-03,47.721195220947266
2023-07-05,47.13014221191406
2023-07-06,46.26627731323242
2023-07-07,46.54816436767578
2023-07-10,46.80278015136719
2023-07-11,47.275630950927734
2023-07-12,48.41227722167969
2023-07-13,49.17611312866211
2023-07-14,48.9578742980957
2023-07-17,48.90331268310547
2023-07-18,49.121551513671875
2023-07-19,49.148826599121094
2023-07-20,48.96696472167969
2023-07-21,49.11246109008789
2023-07-24,48.94877624511719
2023-07-25,49.003334045410156
2023-07-26,49.04880142211914
2023-07-27,48.77600860595703
2023-07-28,49.16701889038086
2023-07-31,49.148826599121094
2023-08-01,48.65779495239258
2023-08-02,47.757572174072266
2023-08-03,47.62116622924805
2023-08-04,47.70301055908203
2023-08-07,48.12129211425781
2023-08-08,47.89397048950195
2023-08-09,48.04854965209961
2023-08-10,48.221317291259766
2023-08-11,47.82122039794922
2023-08-14,47.74847412109375
2023-08-15,47.15742111206055
2023-08-16,46.84824752807617
2023-08-17,46.466331481933594
2023-08-18,46.41176986694336
2023-08-21,46.648189544677734
2023-08-22,46.50270080566406
2023-08-23,46.89371109008789
2023-08-24,46.24809265136719
2023-08-25,46.58454513549805
2023-08-28,47.039207458496094
2023-08-29,47.69392013549805
2023-08-30,47.67572784423828
2023-08-31,47.239253997802734
2023-09-01,47.05739212036133
2023-09-05,46.52088928222656
2023-09-06,46.35721206665039
2023-09-07,46.193538665771484
2023-09-08,46.22991180419922
2023-09-11,46.73003005981445
2023-09-12,46.42995834350586
2023-09-13,46.23899841308594
2023-09-14,46.830055236816406
2023-09-15,46.76641082763672
2023-09-18,46.41176986694336
2023-09-19,46.43905258178711
2023-09-20,46.493614196777344
2023-09-21,45.857086181640625
2023-09-22,45.72068786621094
2023-09-25,45.42060852050781
2023-09-26,44.84773635864258
2023-09-27,44.65678405761719
2023-09-28,45.084163665771484
2023-09-29,45.15690994262695
2023-10-02,44.3930778503418
2023-10-03,43.87477111816406
2023-10-04,44.111183166503906
2023-10-05,44.38398361206055
2023-10-06,44.965946197509766
2023-10-09,44.79317855834961
2023-10-10,45.49335861206055
2023-10-11,45.793434143066406
2023-10-12,45.302398681640625
2023-10-13,44.87501525878906
2023-10-16,45.247840881347656
2023-10-17,45.20237350463867
2023-10-18,44.36580276489258
2023-10-19,43.992977142333984
2023-10-20,43.59288024902344
2023-10-23,43.656524658203125
2023-10-24,43.8202018737793
2023-10-25,43.447383880615234
2023-10-26,43.220054626464844
2023-10-27,42.93815994262695
2023-10-30,43.59288024902344
2023-10-31,43.69290542602539
2023-11-01,43.983882904052734
2023-11-02,44.95685577392578
2023-11-03,45.329673767089844
2023-11-06,45.19328308105469
2023-11-07,44.98413848876953
2023-11-08,45.20237350463867
2023-11-09,45.1841926574707
2023-11-10,45.375144958496094
2023-11-13,45.5024528503418
2023-11-14,46.85734176635742
2023-11-15,46.86643600463867
2023-11-16,46.74822235107422
2023-11-17,47.39384078979492
2023-11-20,47.60298538208008
2023-11-21,47.430213928222656
2023-11-22,47.466583251953125
2023-11-24,47.97580337524414
2023-11-27,47.812129974365234
2023-11-28,47.7939453125
2023-11-29,48.03036880493164
2023-11-30,47.93033981323242
2023-12-01,48.375911712646484
2023-12-04,48.13039016723633
2023-12-05,48.04854965209961
2023-12-06,48.057640075683594
2023-12-07,48.24860763549805
2023-12-08,48.494117736816406
2023-12-11,48.594139099121094
2023-12-12,48.67598342895508
2023-12-13,49.34888458251953
2023-12-14,49.967220306396484
2023-12-15,49.39434814453125
2023-12-18,49.5489387512207
2023-12-19,50.05815124511719
2023-12-20,49.47746658325195
2023-12-21,50.20332717895508
2023-12-22,50.249267578125
2023-12-26,50.55247116088867
2023-12-27,50.82810974121094
2023-12-28,50.49734115600586
2023-12-29,50.55247116088867
2024-01-02,49.93687057495117
2024-01-03,49.468284606933594
2024-01-04,49.78986358642578
2024-01-05,49.661231994628906
2024-01-08,50.23088455200195
2024-01-09,49.734737396240234
2024-01-10,49.94606018066406
2024-01-11,49.76230239868164
2024-01-12,49.881744384765625
2024-01-16,48.92619323730469
2024-01-17,48.56785583496094
2024-01-18,48.981319427490234
2024-01-19,49.018070220947266
2024-01-22,49.10076141357422
2024-01-23,48.9537467956543
2024-01-24,49.495845794677734
2024-01-25,49.81742858886719
2024-01-26,50.26763916015625
2024-01-29,50.3870849609375
2024-01-30,50.43302536010742
2024-01-31,50.05631637573242
2024-02-01,50.55247116088867
2024-02-02,50.08388137817383
2024-02-05,49.8082389831543
2024-02-06,50.17576217651367
2024-02-07,50.01956558227539
2024-02-08,50.01956558227539
2024-02-09,50.166568756103516
2024-02-12,50.20332717895508
2024-02-13,49.266143798828125
2024-02-14,49.93687057495117
2024-02-15,50.46977996826172
2024-02-16,50.524906158447266
2024-02-20,50.7637939453125
2024-02-21,50.83729553222656
2024-02-22,51.305885314941406
2024-02-23,51.34263610839844
2024-02-26,51.37938690185547
2024-02-27,51.47127151489258
2024-02-28,51.21400833129883
2024-02-29,51.19563293457031
2024-03-01,51.645843505859375
2024-03-04,51.627464294433594
2024-03-05,51.43452072143555
2024-03-06,51.93986129760742
2024-03-07,52.79434585571289
2024-03-08,52.57383346557617
2024-03-11,52.55545425415039
2024-03-12,53.06079864501953
2024-03-13,53.152679443359375
2024-03-14,52.77596664428711
2024-03-15,52.73002624511719
2024-03-18,52.436012268066406
2024-03-19,52.50033187866211
2024-03-20,53.134300231933594
2024-03-21,52.9597282409668
2024-03-22,52.85865783691406
2024-03-25,52.877037048339844
2024-03-26,52.96891784667969
2024-03-27,53.2996826171875
2024-03-28,53.152679443359375
2024-04-01,53.04241943359375
2024-04-02,52.60139465332031
2024-04-03,52.9597282409668
2024-04-04,52.53708267211914
2024-04-05,52.684085845947266
2024-04-08,52.97810363769531
2024-04-09,52.85865783691406
2024-04-10,52.22468948364258
2024-04-11,52.2706298828125
2024-04-12,51.388580322265625
2024-04-15,51.29669952392578
2024-04-16,50.919986724853516
2024-04-17,51.07618713378906
2024-04-18,50.99349594116211
2024-04-19,51.1037483215332
2024-04-22,51.664222717285156
2024-04-23,52.41762924194336
2024-04-24,52.169559478759766
2024-04-25,52.05930709838867
2024-04-26,52.4727668762207
2024-04-29,52.619773864746094
2024-04-30,51.84798049926758
2024-05-01,51.746910095214844
2024-05-02,52.289005279541016
2024-05-03,52.73921585083008
2024-05-06,53.152679443359375
2024-05-07,53.492637634277344
2024-05-08,53.676395416259766
2024-05-09,54.14498519897461
2024-05-10,54.37468719482422
2024-05-13,54.41143798828125
2024-05-14,54.8708381652832
2024-05-15,55.43130874633789
2024-05-16,55.1832275390625
2024-05-17,55.293487548828125
2024-05-20,55.26592254638672
2024-05-21,55.284297943115234
2024-05-22,54.82489776611328
2024-05-23,54.558448791503906
2024-05-24,54.999473571777344
2024-05-28,54.92596435546875
2024-05-29,54.06229019165039
2024-05-30,54.595191955566406
2024-05-31,55.12810134887695
2024-06-03,55.16485595703125
2024-06-04,55.027034759521484
2024-06-05,55.45886993408203
2024-06-06,55.63344192504883
2024-06-07,54.99028015136719
2024-06-10,54.78814697265625
2024-06-11,54.14311218261719
2024-06-12,54.940025329589844
2024-06-13,54.124366760253906
2024-06-14,53.26182556152344
2024-06-17,53.664974212646484
2024-06-18,53.94623565673828
2024-06-20,54.068111419677734
2024-06-21,53.61809158325195
2024-06-24,54.124366760253906
2024-06-25,54.011863708496094
2024-06-26,53.53371047973633
2024-06-27,53.45870590209961
2024-06-28,53.39308166503906
2024-07-01,53.67434310913086
2024-07-02,53.57121658325195
2024-07-03,54.21812057495117
2024-07-05,54.66814041137695
2024-07-08,54.424381256103516
2024-07-09,53.92748260498047
2024-07-10,54.649391174316406
2024-07-11,54.86502456665039
2024-07-12,55.51192855834961
2024-07-15,54.940025329589844
2024-07-16,55.14628601074219
2024-07-17,54.86502456665039
2024-07-18,54.433753967285156
2024-07-19,54.105613708496094
2024-07-22,54.86502456665039
2024-07-23,54.37750244140625
2024-07-24,53.8712272644043
2024-07-25,53.693092346191406
2024-07-26,54.433753967285156
2024-07-29,54.068111419677734
2024-07-30,54.246246337890625
2024-07-31,54.7337760925293
2024-08-01,53.636844635009766
2024-08-02,53.22432327270508
2024-08-05,52.04301834106445
2024-08-06,52.193023681640625
2024-08-07,52.26803207397461
2024-08-08,52.99931716918945
2024-08-09,53.327457427978516
2024-08-12,53.186824798583984
2024-08-13,53.92748260498047
2024-08-14,54.255619049072266
2024-08-15,54.78064727783203
2024-08-16,55.033782958984375
2024-08-19,55.71818923950195
2024-08-20,55.60568618774414
2024-08-21,56.130706787109375
2024-08-22,55.7838134765625
2024-08-23,56.74948501586914
2024-08-26,56.58073043823242
2024-08-27,56.8338623046875
2024-08-28,56.59010314941406
2024-08-29,56.75886154174805
2024-08-30,56.74948501586914
2024-09-03,55.67131423950195
2024-09-04,55.54943084716797
2024-09-05,55.45568084716797
2024-09-06,54.677513122558594
2024-09-09,55.0244026184082
2024-09-10,54.80876922607422
2024-09-11,55.090030670166016
2024-09-12,55.474422454833984
2024-09-13,55.77444839477539
2024-09-16,56.215087890625
2024-09-17,55.94319152832031
2024-09-18,55.86819839477539
2024-09-19,56.82448959350586
2024-09-20,56.07445526123047
2024-09-23,56.215087890625
2024-09-24,56.75886154174805
2024-09-25,56.4588508605957
2024-09-26,57.668277740478516
2024-09-27,57.64952850341797
2024-09-30,57.124507904052734
2024-10-01,56.50572204589844
2024-10-02,56.374473571777344
2024-10-03,55.76506805419922
2024-10-04,56.0275764465332
2024-10-07,55.77444839477539
2024-10-08,55.62443542480469
2024-10-09,55.81194305419922
2024-10-10,55.661930084228516
2024-10-11,55.99945068359375
2024-10-14,56.205711364746094
2024-10-15,55.28691864013672
2024-10-16,55.343170166015625
2024-10-17,55.427547454833984
2024-10-18,55.81194305419922
2024-10-21,55.15566635131836
2024-10-22,54.958778381347656
2024-10-23,54.58375930786133
2024-10-24,54.799400329589844
2024-10-25,54.58375930786133
2024-10-28,55.08066177368164
2024-10-29,54.649391174316406
2024-10-30,54.22749710083008
2024-10-31,53.721221923828125
2024-11-01,53.96498489379883
2024-11-04,53.99311065673828
2024-11-05,54.44313049316406
2024-11-06,53.19620132446289
2024-11-07,53.99311065673828
2024-11-08,53.19620132446289
2024-11-11,53.17744445800781
2024-11-12,52.11802673339844
2024-11-13,51.789886474609375
2024-11-14,51.94926452636719
2024-11-15,51.789886474609375
2024-11-18,51.99614334106445
2024-11-19,51.85551071166992
2024-11-20,51.72425079345703
2024-11-21,51.63050079345703
2024-11-22,51.808631896972656
2024-11-25,52.09926986694336
2024-11-26,51.799259185791016
2024-11-27,52.22115707397461
2024-11-29,52.793052673339844
2024-12-02,52.7743034362793
2024-12-03,52.961814880371094
2024-12-04,53.13994598388672
2024-12-05,53.61809158325195
2024-12-06,53.683719635009766
2024-12-09,53.62746810913086
2024-12-10,53.19620132446289
2024-12-11,53.43996047973633
2024-12-12,52.961814880371094
2024-12-13,52.98993682861328
2024-12-16,52.83993148803711
2024-12-17,52.64810562133789
2024-12-18,51.44205856323242
2024-12-19,51.23313903808594
2024-12-20,51.12867736816406
2024-12-23,51.39457702636719
2024-12-24,51.66048049926758
2024-12-26,51.840911865234375
2024-12-27,51.67947006225586
2024-12-30,51.30910873413086
2024-12-31,51.26163101196289
2025-01-02,51.090694427490234
2025-01-03,51.29011535644531
2025-01-06,51.935874938964844
2025-01-07,51.954864501953125
2025-01-08,51.793426513671875
2025-01-10,51.23313903808594
2025-01-13,50.986228942871094
2025-01-14,51.20465087890625
2025-01-15,51.840911865234375
2025-01-16,52.34421920776367
2025-01-17,52.5721321105957
2025-01-21,53.78767395019531
2025-01-22,53.62623596191406
2025-01-23,54.10105895996094
2025-01-24,54.34796142578125
2025-01-27,54.547386169433594
2025-01-28,54.3669548034668
2025-01-29,54.40494155883789
2025-01-30,54.927242279052734
2025-01-31,54.547386169433594
2025-02-03,53.74968719482422
2025-02-04,54.47141647338867
2025-02-05,54.98422622680664
2025-02-06,55.32609176635742
2025-02-07,54.841773986816406
2025-02-10,55.17414855957031
2025-02-11,55.60149002075195
2025-02-12,55.97184753417969
2025-02-13,56.589115142822266
2025-02-14,56.76005172729492
2025-02-18,57.08292770385742
2025-02-19,56.39918899536133
2025-02-20,56.79803466796875
2025-02-21,56.50364685058594
2025-02-24,56.598609924316406
2025-02-25,57.158897399902344
2025-02-26,57.272857666015625
2025-02-27,56.465660095214844
2025-02-28,56.911991119384766
2025-03-03,57.652713775634766
2025-03-04,57.76667404174805
2025-03-05,59.124656677246094
2025-03-06,58.516883850097656
2025-03-07,59.40005111694336
2025-03-10,57.83314895629883
2025-03-11,57.76667404174805
2025-03-12,57.92810821533203
2025-03-13,57.51976013183594
2025-03-14,58.668827056884766
2025-03-17,59.24810791015625
2025-03-18,59.52350616455078
2025-03-19,59.514007568359375
2025-03-20,58.92523193359375
2025-03-21,58.42192459106445
2025-03-24,58.3934326171875
2025-03-25,58.70681381225586
2025-03-26,57.909114837646484
2025-03-27,57.99458312988281
2025-03-28,57.72868347167969
2025-03-31,57.12091827392578
2025-04-01,57.215877532958984
2025-04-02,57.40581130981445
2025-04-03,56.69357681274414
2025-04-04,52.90450668334961
2025-04-07,51.29961395263672
2025-04-08,51.043209075927734
2025-04-09,55.050697326660156
2025-04-10,54.08206558227539
2025-04-11,55.610984802246094
2025-04-14,56.047821044921875
2025-04-15,56.570125579833984
2025-04-16,56.39918899536133
2025-04-17,56.87400817871094
2025-04-21,56.56062698364258
2025-04-22,57.7001953125
2025-04-23,57.85213851928711
2025-04-24,58.63084411621094
2025-04-25,58.90623474121094
2025-04-28,59.24810791015625
2025-04-29,59.352569580078125
2025-04-30,59.409549713134766
2025-05-01,59.11515808105469
2025-05-02,60.41616439819336
2025-05-05,60.49214172363281
2025-05-06,60.3306999206543
2025-05-07,60.17876052856445
2025-05-08,59.9603385925293
2025-05-09,60.31170654296875
2025-05-12,60.41616439819336
2025-05-13,60.64408493041992
2025-05-14,60.530128479003906
2025-05-15,61.12839889526367
2025-05-16,61.32782745361328
2025-05-19,62.00206756591797
2025-05-20,62.476890563964844
2025-05-21,62.10653305053711
2025-05-22,62.06854248046875
2025-05-23,61.98307418823242
2025-05-27,62.695308685302734
2025-05-28,62.08753967285156
2025-05-29,62.3249397277832
2025-05-30,62.391422271728516
2025-06-02,63.075164794921875
2025-06-03,62.543365478515625
2025-06-04,62.95171356201172
2025-06-05,63.056175231933594
2025-06-06,63.21760559082031
2025-06-09,63.21760559082031
2025-06-10,63.32207489013672
2025-06-11,63.29358673095703
2025-06-12,63.82538604736328
2025-06-13,62.866241455078125
2025-06-16,63.14795684814453
2025-06-17,62.266998291015625
2025-06-18,62.189552307128906
2025-06-20,61.84104537963867
2025-06-23,62.37348937988281
2025-06-24,63.24476623535156
2025-06-25,62.81880569458008
2025-06-26,63.399654388427734
2025-06-27,63.99018096923828
2025-06-30,64.08699035644531
2025-07-01,64.05794525146484
2025-07-02,64.1934814453125
2025-07-03,64.1934814453125
2025-07-07,63.79656982421875
2025-07-08,64.36773681640625
2025-07-09,64.9485855102539
2025-07-10,64.92922973632812
2025-07-11,64.1934814453125
2025-07-14,64.18379974365234
2025-07-15,63.438377380371094
2025-07-16,63.75784683227539
2025-07-17,63.83529281616211
2025-07-18,63.661041259765625
2025-07-21,63.9708251953125
2025-07-22,64.27092742919922
2025-07-23,65.64559936523438
2025-07-24,64.90018463134766
2025-07-25,64.99698638916016
2025-07-28,63.92241668701172
2025-07-29,63.7481689453125
2025-07-30,63.089866638183594
2025-07-31,62.3250846862793
2025-08-01,62.121788024902344
2025-08-04,62.8284912109375
2025-08-05,62.925296783447266
2025-08-06,63.2060432434082
2025-08-07,63.79656982421875
2025-08-08,63.99018096923828
2025-08-11,63.64167785644531
2025-08-12,64.1934814453125
2025-08-13,64.73561096191406
2025-08-14,64.87113952636719
2025-08-15,65.06475067138672
2025-08-18,64.90986633300781
2025-08-19,65.02603149414062
2025-08-20,65.44230651855469
2025-08-21,65.04539489746094
2025-08-22,66.01348114013672
2025-08-25,65.0744400024414
2025-08-26,64.93890380859375
2025-08-27,64.77433776855469
2025-08-28,64.89049530029297
2025-08-29,64.60974884033203
2025-09-02,63.786888122558594
2025-09-03,64.0095443725586
2025-09-04,64.3580551147461
2025-09-05,64.69688415527344
2025-09-08,65.09379577636719
2025-09-09,65.00667572021484
2025-09-10,64.8227310180664
2025-09-11,65.50039672851562
2025-09-12,65.31645202636719
2025-09-15,65.78113555908203
2025-09-16,65.6165542602539
2025-09-17,65.37454223632812
2025-09-18,65.64559936523438
2025-09-19,65.41326904296875
2025-09-22,65.6262435913086
2025-09-23,65.6165542602539
2025-09-24,65.19059753417969
2025-09-25,64.5419921875
2025-09-26,65.20996856689453
2025-09-29,65.49070739746094
2025-09-30,65.94570922851562
2025-10-01,66.77825927734375
2025-10-02,66.87506866455078
2025-10-03,67.2623062133789
2025-10-06,67.01060485839844
2025-10-07,66.4684829711914
2025-10-08,66.93315124511719
2025-10-09,66.19740295410156
2025-10-10,65.46167755126953
2025-10-13,65.87794494628906
2025-10-14,66.15868377685547
2025-10-15,66.27485656738281
2025-10-16,66.70081329345703
2025-10-17,66.74921417236328
2025-10-20,67.05899810791016
2025-10-21,66.63304901123047
2025-10-22,66.69113159179688
2025-10-23,67.01060485839844
2025-10-24,67.11709594726562
2025-10-27,67.43656158447266
2025-10-28,67.27198028564453
2025-10-29,66.90410614013672
2025-10-30,66.59432983398438
2025-10-31,66.3232650756836
2025-11-03,66.21678161621094
2025-11-04,65.46167755126953
2025-11-05,66.08124542236328
2025-11-06,65.78113555908203
2025-11-07,66.0715560913086
2025-11-10,66.84603118896484
2025-11-11,67.57209014892578
2025-11-12,67.95931243896484
2025-11-13,67.49464416503906
2025-11-14,66.9525146484375
2025-11-17,66.15868377685547
2025-11-18,65.49070739746094
2025-11-19,65.25837707519531
2025-11-20,64.3774185180664
2025-11-21,65.30677795410156
2025-11-24,65.15188598632812
2025-11-25,66.27485656738281
2025-11-26,66.87506866455078
2025-11-28,67.30101776123047
2025-12-01,66.97187805175781
2025-12-02,67.25261688232422
2025-12-03,67.69794464111328
2025-12-04,67.63985443115234
2025-12-05,67.62049102783203
2025-12-08,67.47527313232422
2025-12-09,67.2623062133789
2025-12-10,68.11421203613281
2025-12-11,68.61761474609375
2025-12-12,68.20133972167969
2025-12-15,68.6079330444336
2025-12-16,68.42079162597656
2025-12-17,68.02886199951172
2025-12-18,68.59716033935547
2025-12-19,68.91069793701172
2025-12-22,69.21443939208984
2025-12-23,69.46920013427734
2025-12-24,69.61617279052734
2025-12-26,69.82193756103516
2025-12-29,69.5475845336914
2025-12-30,69.8121337890625
2025-12-31,69.5475845336914
2026-01-02,70.23345947265625
2026-01-05,70.8703384399414
2026-01-06,71.00751495361328
2026-01-07,70.78215026855469
2026-01-08,70.86054229736328
2026-01-09,71.27206420898438
2026-01-12,71.65419006347656
2026-01-13,71.37004089355469
2026-01-14,71.63459777832031
2026-01-15,71.48762512207031
2026-01-16,71.7227783203125
2026-01-20,70.66458129882812
2026-01-21,71.38964080810547
2026-01-22,71.75218200683594
2026-01-23,72.22248840332031
2026-01-26,72.73200225830078
2026-01-27,73.8587875366211
2026-01-28,72.99654388427734
2026-01-29,73.39827728271484
2026-01-30,72.73200225830078
2026-02-02,73.33948516845703
2026-02-03,73.04553985595703
2026-02-04,73.11412811279297
2026-02-05,72.10490417480469
2026-02-06,73.5158462524414
2026-02-09,74.3291015625
2026-02-10,74.03515625
2026-02-11,74.21151733398438
2026-02-12,73.60403442382812
2026-02-13,73.64323425292969
2026-02-17,74.11354064941406
2026-02-18,74.34869384765625
2026-02-19,74.04495239257812
2026-02-20,74.77981567382812
2026-02-23,74.3291015625
2026-02-24,74.56425476074219
2026-02-25,75.20114135742188
2026-02-26,75.15214538574219
2026-02-27,74.96598815917969
2026-03-02,73.3688735961914
2026-03-03,71.21327209472656
2026-03-04,72.11470794677734
2026-03-05,70.73316955566406
2026-03-06,70.20406341552734
2026-03-09,70.48821258544922
2026-03-10,70.47840881347656
2026-03-11,70.41962432861328
2026-03-12,69.39080810546875
2026-03-13,68.4599838256836
2026-03-16,69.5867691040039
2026-03-17,69.87091827392578
2026-03-18,68.43058776855469
2026-03-19,68.23462677001953
2026-03-20,66.14761352539062
2026-03-23,67.71531677246094
2026-03-24,67.32339477539062
2026-03-25,68.30320739746094
2026-03-26,66.98045349121094
2026-03-27,66.39256286621094
2026-03-30,66.73550415039062
2026-03-31,68.8519058227539
2026-04-01,69.90031433105469
2026-04-02,69.52798461914062
2026-04-06,69.97869873046875
2026-04-07,69.79254150390625
2026-04-08,72.49683380126953
2026-04-09,72.42825317382812
2026-04-10,72.69280242919922
2026-04-13,73.25130462646484
2026-04-14,73.81958770751953
2026-04-15,73.59423828125
2026-04-16,73.34928131103516
2026-04-17,74.46627807617188
2026-04-20,74.24091339111328
2026-04-21,72.61441802978516
2026-04-22,72.86917114257812
2026-04-23,72.31067657470703
2026-04-24,72.80058288574219
2026-04-27,72.39885711669922
2026-04-28,71.95793914794922
2026-04-29,71.1348876953125
2026-04-30,72.89856719970703
2026-05-01,72.8299789428711
2026-05-04,71.48762512207031
2026-05-05,72.6046142578125
2026-05-06,74.53486633300781
2026-05-07,72.94755554199219
2026-05-08,73.65302276611328
2026-05-11,73.40806579589844
2026-05-12,72.7809829711914
2026-05-13,73.20230865478516
2026-05-14,73.11412811279297
2026-05-15,71.75218200683594
2026-05-18,72.84957122802734
2026-05-19,72.2812728881836
2026-05-20,73.72161102294922
2026-05-21,74.17232513427734
2026-05-22,73.96656799316406
2026-05-26,74.80921173095703
2026-05-27,74.623046875
2026-05-28,74.38788604736328
2026-05-29,74.40748596191406
2026-06-01,74.02536010742188
2026-06-02,74.3584976196289
2026-06-03,73.46686553955078
2026-06-04,74.34869384765625
2026-06-05,72.859375
2026-06-08,73.16311645507812
2026-06-09,73.42766571044922
2026-06-10,72.48704528808594
2026-06-11,74.76022338867188
2026-06-12,74.86800384521484
2026-06-15,75.08999633789062
2026-06-16,75.20999908447266
2026-06-17,74.56999969482422
2026-06-18,74.69999694824219
2026-06-22,74.68000030517578
2026-06-23,73.87999725341797
2026-06-24,73.7300033569336
2026-06-25,74.4800033569336
2026-06-26,73.98999786376953
2026-06-29,74.77999877929688
2026-06-30,75.16999816894531
2026-07-01,74.48999786376953
2026-07-02,75.87000274658203
2026-07-06,76.37000274658203
2026-07-07,75.55999755859375
2026-07-08,74.80000305175781
2026-07-09,75.0
2026-07-10,75.12999725341797
2026-07-13,74.54000091552734
